episode,q_learning_run_1,q_learning_run_2,q_learning_run_3,q_learning_run_4,q_learning_run_5,q_learning_run_6,q_learning_run_7,q_learning_run_8,q_learning_run_9,q_learning_run_10
1,-2246.000000,-2232.000000,-2539.000000,-1950.000000,-2008.000000,-2059.000000,-2031.000000,-3772.000000,-1716.000000,-2142.000000
2,-627.000000,-697.000000,-762.000000,-835.000000,-1118.000000,-584.000000,-854.000000,-86.000000,-1076.000000,-208.000000
3,-566.000000,-329.000000,-403.000000,-381.000000,-569.000000,-363.000000,-682.000000,-124.000000,-320.000000,-564.000000
4,-163.000000,-529.000000,-476.000000,-209.000000,-179.000000,-337.000000,-105.000000,-1507.000000,-1013.000000,-631.000000
5,-802.000000,-703.000000,-269.000000,-936.000000,-1184.000000,-383.000000,-156.000000,-245.000000,-267.000000,-922.000000
6,-435.000000,-128.000000,-437.000000,-126.000000,-123.000000,-251.000000,-364.000000,-560.000000,-428.000000,-191.000000
7,-408.000000,-118.000000,-690.000000,-469.000000,-129.000000,-553.000000,-420.000000,-75.000000,-527.000000,-265.000000
8,-154.000000,-218.000000,-148.000000,-193.000000,-86.000000,-94.000000,-27.000000,-115.000000,-224.000000,-196.000000
9,-621.000000,-184.000000,-147.000000,-72.000000,-501.000000,-644.000000,-553.000000,-1039.000000,-284.000000,-483.000000
10,-62.000000,-835.000000,-52.000000,-130.000000,-240.000000,-59.000000,-54.000000,-223.000000,-54.000000,-329.000000
11,-411.000000,-94.000000,-137.000000,-426.000000,-491.000000,-607.000000,-115.000000,-413.000000,-360.000000,-26.000000
12,-291.000000,-119.000000,-97.000000,-242.000000,-269.000000,-311.000000,-125.000000,-270.000000,-376.000000,-387.000000
13,-44.000000,-73.000000,-248.000000,-84.000000,-57.000000,-141.000000,-684.000000,-81.000000,-93.000000,-95.000000
14,-479.000000,-574.000000,-246.000000,-133.000000,-78.000000,-348.000000,-106.000000,-62.000000,-417.000000,-55.000000
15,-258.000000,-54.000000,-341.000000,-184.000000,-130.000000,-540.000000,-112.000000,-249.000000,-33.000000,-108.000000
16,-75.000000,-226.000000,-264.000000,-123.000000,-212.000000,-69.000000,-90.000000,-55.000000,-169.000000,-124.000000
17,-61.000000,-156.000000,-118.000000,-147.000000,-103.000000,-95.000000,-225.000000,-122.000000,-302.000000,-207.000000
18,-348.000000,-111.000000,-56.000000,-133.000000,-524.000000,-71.000000,-414.000000,-72.000000,-82.000000,-193.000000
19,-1369.000000,-200.000000,-191.000000,-113.000000,-322.000000,-349.000000,-25.000000,-204.000000,-49.000000,-511.000000
20,-93.000000,-90.000000,-158.000000,-142.000000,-323.000000,-129.000000,-65.000000,-255.000000,-98.000000,-328.000000
21,-95.000000,-74.000000,-93.000000,-122.000000,-63.000000,-46.000000,-235.000000,-36.000000,-87.000000,-100.000000
22,-68.000000,-69.000000,-220.000000,-107.000000,-110.000000,-78.000000,-101.000000,-239.000000,-61.000000,-141.000000
23,-81.000000,-239.000000,-219.000000,-409.000000,-96.000000,-54.000000,-72.000000,-139.000000,-242.000000,-73.000000
24,-48.000000,-274.000000,-41.000000,-63.000000,-196.000000,-89.000000,-96.000000,-32.000000,-242.000000,-46.000000
25,-88.000000,-288.000000,-56.000000,-158.000000,-140.000000,-90.000000,-55.000000,-98.000000,-294.000000,-80.000000
26,-180.000000,-76.000000,-82.000000,-365.000000,-182.000000,-75.000000,-208.000000,-66.000000,-96.000000,-70.000000
27,-98.000000,-202.000000,-66.000000,-55.000000,-51.000000,-83.000000,-205.000000,-367.000000,-155.000000,-53.000000
28,-419.000000,-530.000000,-112.000000,-177.000000,-315.000000,-81.000000,-29.000000,-49.000000,-219.000000,-66.000000
29,-76.000000,-327.000000,-73.000000,-60.000000,-96.000000,-45.000000,-217.000000,-22.000000,-69.000000,-240.000000
30,-143.000000,-198.000000,-51.000000,-110.000000,-304.000000,-323.000000,-74.000000,-773.000000,-59.000000,-179.000000
31,-36.000000,-178.000000,-77.000000,-80.000000,-155.000000,-67.000000,-428.000000,-77.000000,-39.000000,-39.000000
32,-472.000000,-91.000000,-315.000000,-95.000000,-35.000000,-45.000000,-23.000000,-51.000000,-88.000000,-222.000000
33,-53.000000,-48.000000,-71.000000,-299.000000,-88.000000,-60.000000,-79.000000,-54.000000,-386.000000,-164.000000
34,-51.000000,-50.000000,-55.000000,-58.000000,-192.000000,-70.000000,-78.000000,-188.000000,-82.000000,-37.000000
35,-74.000000,-66.000000,-94.000000,-168.000000,-43.000000,-305.000000,-377.000000,-49.000000,-93.000000,-333.000000
36,-171.000000,-61.000000,-60.000000,-119.000000,-87.000000,-40.000000,-49.000000,-254.000000,-62.000000,-67.000000
37,-45.000000,-49.000000,-52.000000,-76.000000,-170.000000,-80.000000,-43.000000,-42.000000,-163.000000,-151.000000
38,-421.000000,-65.000000,-220.000000,-157.000000,-46.000000,-60.000000,-110.000000,-44.000000,-28.000000,-47.000000
39,-141.000000,-57.000000,-46.000000,-296.000000,-57.000000,-75.000000,-36.000000,-208.000000,-81.000000,-88.000000
40,-52.000000,-199.000000,-231.000000,-218.000000,-73.000000,-284.000000,-25.000000,-30.000000,-76.000000,-62.000000
41,-57.000000,-63.000000,-51.000000,-67.000000,-42.000000,-67.000000,-194.000000,-62.000000,-61.000000,-65.000000
42,-147.000000,-83.000000,-67.000000,-39.000000,-132.000000,-57.000000,-70.000000,-85.000000,-36.000000,-40.000000
43,-38.000000,-172.000000,-56.000000,-72.000000,-451.000000,-59.000000,-46.000000,-242.000000,-95.000000,-202.000000
44,-81.000000,-46.000000,-36.000000,-54.000000,-226.000000,-71.000000,-219.000000,-194.000000,-51.000000,-53.000000
45,-68.000000,-84.000000,-39.000000,-53.000000,-54.000000,-41.000000,-58.000000,-63.000000,-59.000000,-389.000000
46,-54.000000,-49.000000,-66.000000,-174.000000,-146.000000,-155.000000,-136.000000,-79.000000,-45.000000,-41.000000
47,-58.000000,-29.000000,-352.000000,-62.000000,-44.000000,-48.000000,-101.000000,-27.000000,-45.000000,-214.000000
48,-279.000000,-23.000000,-26.000000,-63.000000,-77.000000,-87.000000,-141.000000,-28.000000,-54.000000,-294.000000
49,-164.000000,-158.000000,-95.000000,-30.000000,-48.000000,-63.000000,-64.000000,-200.000000,-36.000000,-245.000000
50,-50.000000,-96.000000,-41.000000,-59.000000,-48.000000,-55.000000,-25.000000,-193.000000,-188.000000,-293.000000
51,-68.000000,-21.000000,-48.000000,-182.000000,-51.000000,-36.000000,-326.000000,-23.000000,-211.000000,-183.000000
52,-230.000000,-59.000000,-37.000000,-66.000000,-89.000000,-32.000000,-203.000000,-60.000000,-151.000000,-62.000000
53,-150.000000,-48.000000,-189.000000,-59.000000,-38.000000,-57.000000,-49.000000,-36.000000,-60.000000,-40.000000
54,-167.000000,-36.000000,-47.000000,-281.000000,-52.000000,-66.000000,-268.000000,-33.000000,-62.000000,-33.000000
55,-23.000000,-166.000000,-38.000000,-156.000000,-70.000000,-50.000000,-85.000000,-43.000000,-171.000000,-43.000000
56,-61.000000,-54.000000,-181.000000,-44.000000,-23.000000,-46.000000,-421.000000,-57.000000,-269.000000,-206.000000
57,-55.000000,-42.000000,-66.000000,-47.000000,-86.000000,-45.000000,-52.000000,-182.000000,-51.000000,-188.000000
58,-33.000000,-64.000000,-44.000000,-47.000000,-27.000000,-48.000000,-274.000000,-52.000000,-80.000000,-33.000000
59,-196.000000,-207.000000,-60.000000,-48.000000,-28.000000,-516.000000,-42.000000,-739.000000,-24.000000,-47.000000
60,-153.000000,-31.000000,-72.000000,-40.000000,-22.000000,-20.000000,-288.000000,-137.000000,-68.000000,-174.000000
61,-32.000000,-134.000000,-41.000000,-478.000000,-89.000000,-55.000000,-63.000000,-44.000000,-75.000000,-168.000000
62,-44.000000,-47.000000,-39.000000,-39.000000,-138.000000,-64.000000,-25.000000,-25.000000,-42.000000,-34.000000
63,-60.000000,-46.000000,-56.000000,-168.000000,-184.000000,-42.000000,-167.000000,-71.000000,-25.000000,-52.000000
64,-23.000000,-153.000000,-41.000000,-39.000000,-17.000000,-58.000000,-53.000000,-30.000000,-155.000000,-47.000000
65,-151.000000,-28.000000,-38.000000,-70.000000,-41.000000,-158.000000,-285.000000,-401.000000,-37.000000,-25.000000
66,-59.000000,-62.000000,-52.000000,-45.000000,-205.000000,-197.000000,-49.000000,-34.000000,-43.000000,-86.000000
67,-55.000000,-33.000000,-47.000000,-50.000000,-280.000000,-39.000000,-33.000000,-173.000000,-508.000000,-51.000000
68,-50.000000,-66.000000,-38.000000,-36.000000,-204.000000,-421.000000,-156.000000,-34.000000,-36.000000,-31.000000
69,-67.000000,-34.000000,-60.000000,-32.000000,-32.000000,-38.000000,-138.000000,-40.000000,-47.000000,-70.000000
70,-25.000000,-42.000000,-35.000000,-190.000000,-28.000000,-44.000000,-57.000000,-374.000000,-33.000000,-160.000000
71,-30.000000,-155.000000,-52.000000,-39.000000,-70.000000,-50.000000,-24.000000,-156.000000,-55.000000,-36.000000
72,-45.000000,-44.000000,-271.000000,-155.000000,-34.000000,-33.000000,-61.000000,-38.000000,-39.000000,-48.000000
73,-34.000000,-46.000000,-39.000000,-303.000000,-26.000000,-35.000000,-66.000000,-48.000000,-55.000000,-34.000000
74,-38.000000,-49.000000,-35.000000,-33.000000,-35.000000,-402.000000,-28.000000,-27.000000,-62.000000,-35.000000
75,-37.000000,-31.000000,-143.000000,-33.000000,-35.000000,-36.000000,-29.000000,-61.000000,-152.000000,-163.000000
76,-41.000000,-166.000000,-195.000000,-146.000000,-49.000000,-30.000000,-41.000000,-35.000000,-38.000000,-131.000000
77,-28.000000,-29.000000,-36.000000,-137.000000,-46.000000,-36.000000,-37.000000,-283.000000,-19.000000,-150.000000
78,-52.000000,-48.000000,-31.000000,-44.000000,-45.000000,-54.000000,-35.000000,-34.000000,-33.000000,-69.000000
79,-260.000000,-40.000000,-144.000000,-52.000000,-46.000000,-133.000000,-52.000000,-297.000000,-302.000000,-26.000000
80,-56.000000,-69.000000,-42.000000,-278.000000,-51.000000,-392.000000,-20.000000,-40.000000,-34.000000,-50.000000
81,-35.000000,-24.000000,-176.000000,-35.000000,-55.000000,-31.000000,-68.000000,-32.000000,-156.000000,-28.000000
82,-49.000000,-48.000000,-44.000000,-31.000000,-28.000000,-251.000000,-64.000000,-135.000000,-42.000000,-244.000000
83,-47.000000,-19.000000,-143.000000,-178.000000,-34.000000,-181.000000,-19.000000,-49.000000,-21.000000,-34.000000
84,-38.000000,-162.000000,-26.000000,-39.000000,-143.000000,-163.000000,-20.000000,-284.000000,-50.000000,-50.000000
85,-37.000000,-60.000000,-24.000000,-262.000000,-270.000000,-24.000000,-24.000000,-26.000000,-45.000000,-24.000000
86,-30.000000,-270.000000,-147.000000,-21.000000,-36.000000,-26.000000,-69.000000,-47.000000,-46.000000,-51.000000
87,-37.000000,-125.000000,-280.000000,-41.000000,-132.000000,-261.000000,-33.000000,-169.000000,-60.000000,-155.000000
88,-38.000000,-39.000000,-20.000000,-61.000000,-156.000000,-50.000000,-26.000000,-33.000000,-27.000000,-42.000000
89,-47.000000,-49.000000,-39.000000,-126.000000,-179.000000,-21.000000,-35.000000,-27.000000,-28.000000,-35.000000
90,-39.000000,-34.000000,-46.000000,-21.000000,-23.000000,-161.000000,-42.000000,-24.000000,-36.000000,-388.000000
91,-243.000000,-30.000000,-236.000000,-31.000000,-24.000000,-38.000000,-154.000000,-32.000000,-39.000000,-31.000000
92,-28.000000,-18.000000,-139.000000,-42.000000,-36.000000,-39.000000,-159.000000,-30.000000,-131.000000,-59.000000
93,-48.000000,-250.000000,-45.000000,-31.000000,-154.000000,-28.000000,-69.000000,-36.000000,-164.000000,-137.000000
94,-175.000000,-49.000000,-53.000000,-45.000000,-37.000000,-37.000000,-19.000000,-33.000000,-39.000000,-35.000000
95,-31.000000,-51.000000,-28.000000,-28.000000,-39.000000,-20.000000,-30.000000,-28.000000,-30.000000,-36.000000
96,-49.000000,-25.000000,-336.000000,-17.000000,-35.000000,-167.000000,-30.000000,-45.000000,-25.000000,-31.000000
97,-34.000000,-38.000000,-36.000000,-54.000000,-38.000000,-34.000000,-17.000000,-50.000000,-31.000000,-160.000000
98,-31.000000,-36.000000,-36.000000,-28.000000,-34.000000,-25.000000,-54.000000,-162.000000,-168.000000,-161.000000
99,-148.000000,-26.000000,-40.000000,-26.000000,-13.000000,-151.000000,-35.000000,-30.000000,-24.000000,-25.000000
100,-38.000000,-49.000000,-150.000000,-40.000000,-38.000000,-129.000000,-26.000000,-22.000000,-27.000000,-156.000000
101,-32.000000,-168.000000,-23.000000,-46.000000,-154.000000,-316.000000,-33.000000,-32.000000,-37.000000,-29.000000
102,-32.000000,-19.000000,-40.000000,-27.000000,-50.000000,-42.000000,-34.000000,-156.000000,-167.000000,-36.000000
103,-54.000000,-156.000000,-50.000000,-25.000000,-30.000000,-142.000000,-133.000000,-28.000000,-45.000000,-38.000000
104,-26.000000,-23.000000,-36.000000,-34.000000,-136.000000,-129.000000,-31.000000,-260.000000,-33.000000,-128.000000
105,-35.000000,-48.000000,-158.000000,-24.000000,-37.000000,-47.000000,-22.000000,-50.000000,-37.000000,-28.000000
106,-20.000000,-28.000000,-138.000000,-32.000000,-35.000000,-139.000000,-41.000000,-49.000000,-29.000000,-28.000000
107,-286.000000,-27.000000,-32.000000,-27.000000,-23.000000,-24.000000,-52.000000,-44.000000,-161.000000,-32.000000
108,-44.000000,-35.000000,-34.000000,-44.000000,-47.000000,-35.000000,-270.000000,-146.000000,-141.000000,-50.000000
109,-29.000000,-43.000000,-148.000000,-35.000000,-39.000000,-126.000000,-31.000000,-21.000000,-37.000000,-40.000000
110,-49.000000,-41.000000,-29.000000,-35.000000,-34.000000,-28.000000,-25.000000,-38.000000,-40.000000,-156.000000
111,-45.000000,-37.000000,-143.000000,-28.000000,-182.000000,-31.000000,-25.000000,-25.000000,-141.000000,-129.000000
112,-30.000000,-33.000000,-43.000000,-27.000000,-139.000000,-24.000000,-162.000000,-28.000000,-27.000000,-17.000000
113,-136.000000,-21.000000,-23.000000,-47.000000,-16.000000,-131.000000,-140.000000,-40.000000,-25.000000,-40.000000
114,-145.000000,-180.000000,-26.000000,-31.000000,-49.000000,-32.000000,-155.000000,-158.000000,-22.000000,-38.000000
115,-31.000000,-26.000000,-41.000000,-25.000000,-29.000000,-45.000000,-22.000000,-24.000000,-47.000000,-129.000000
116,-138.000000,-44.000000,-36.000000,-29.000000,-136.000000,-266.000000,-39.000000,-163.000000,-21.000000,-30.000000
117,-25.000000,-34.000000,-27.000000,-39.000000,-32.000000,-26.000000,-33.000000,-22.000000,-31.000000,-31.000000
118,-24.000000,-24.000000,-25.000000,-32.000000,-40.000000,-22.000000,-27.000000,-25.000000,-52.000000,-22.000000
119,-24.000000,-154.000000,-38.000000,-21.000000,-53.000000,-44.000000,-14.000000,-33.000000,-29.000000,-34.000000
120,-35.000000,-34.000000,-279.000000,-32.000000,-22.000000,-154.000000,-33.000000,-152.000000,-243.000000,-26.000000
121,-29.000000,-17.000000,-23.000000,-34.000000,-24.000000,-40.000000,-28.000000,-21.000000,-45.000000,-30.000000
122,-35.000000,-14.000000,-142.000000,-29.000000,-40.000000,-34.000000,-156.000000,-32.000000,-34.000000,-31.000000
123,-25.000000,-26.000000,-28.000000,-31.000000,-35.000000,-25.000000,-22.000000,-42.000000,-25.000000,-33.000000
124,-67.000000,-47.000000,-136.000000,-143.000000,-247.000000,-19.000000,-46.000000,-21.000000,-13.000000,-31.000000
125,-18.000000,-55.000000,-21.000000,-42.000000,-30.000000,-128.000000,-31.000000,-143.000000,-141.000000,-30.000000
126,-18.000000,-25.000000,-271.000000,-28.000000,-30.000000,-50.000000,-30.000000,-24.000000,-66.000000,-32.000000
127,-14.000000,-28.000000,-26.000000,-36.000000,-19.000000,-18.000000,-143.000000,-18.000000,-30.000000,-143.000000
128,-29.000000,-32.000000,-33.000000,-27.000000,-31.000000,-30.000000,-38.000000,-42.000000,-22.000000,-131.000000
129,-36.000000,-43.000000,-33.000000,-19.000000,-22.000000,-34.000000,-23.000000,-21.000000,-131.000000,-28.000000
130,-26.000000,-142.000000,-34.000000,-123.000000,-33.000000,-35.000000,-37.000000,-35.000000,-38.000000,-22.000000
131,-48.000000,-38.000000,-141.000000,-26.000000,-153.000000,-42.000000,-48.000000,-286.000000,-30.000000,-19.000000
132,-23.000000,-237.000000,-47.000000,-50.000000,-21.000000,-363.000000,-139.000000,-37.000000,-26.000000,-47.000000
133,-28.000000,-332.000000,-25.000000,-23.000000,-26.000000,-34.000000,-19.000000,-113.000000,-34.000000,-37.000000
134,-128.000000,-30.000000,-26.000000,-35.000000,-259.000000,-17.000000,-18.000000,-37.000000,-21.000000,-134.000000
135,-31.000000,-147.000000,-131.000000,-35.000000,-37.000000,-26.000000,-150.000000,-25.000000,-27.000000,-20.000000
136,-19.000000,-23.000000,-22.000000,-17.000000,-36.000000,-23.000000,-145.000000,-23.000000,-23.000000,-28.000000
137,-29.000000,-38.000000,-35.000000,-34.000000,-137.000000,-28.000000,-22.000000,-22.000000,-25.000000,-28.000000
138,-35.000000,-39.000000,-32.000000,-158.000000,-26.000000,-19.000000,-24.000000,-37.000000,-44.000000,-28.000000
139,-21.000000,-20.000000,-27.000000,-20.000000,-21.000000,-31.000000,-30.000000,-36.000000,-256.000000,-43.000000
140,-31.000000,-22.000000,-26.000000,-37.000000,-27.000000,-22.000000,-32.000000,-20.000000,-31.000000,-29.000000
141,-33.000000,-127.000000,-19.000000,-25.000000,-33.000000,-29.000000,-131.000000,-22.000000,-34.000000,-29.000000
142,-28.000000,-22.000000,-29.000000,-138.000000,-162.000000,-142.000000,-30.000000,-38.000000,-35.000000,-236.000000
143,-27.000000,-21.000000,-141.000000,-165.000000,-129.000000,-13.000000,-134.000000,-137.000000,-27.000000,-19.000000
144,-15.000000,-35.000000,-37.000000,-20.000000,-24.000000,-32.000000,-30.000000,-25.000000,-19.000000,-355.000000
145,-25.000000,-163.000000,-141.000000,-36.000000,-15.000000,-22.000000,-21.000000,-15.000000,-39.000000,-27.000000
146,-45.000000,-147.000000,-253.000000,-22.000000,-25.000000,-19.000000,-30.000000,-35.000000,-25.000000,-26.000000
147,-27.000000,-154.000000,-16.000000,-136.000000,-172.000000,-20.000000,-36.000000,-22.000000,-132.000000,-33.000000
148,-21.000000,-22.000000,-124.000000,-40.000000,-19.000000,-31.000000,-20.000000,-26.000000,-33.000000,-29.000000
149,-26.000000,-31.000000,-154.000000,-21.000000,-144.000000,-160.000000,-26.000000,-21.000000,-20.000000,-22.000000
150,-26.000000,-15.000000,-14.000000,-25.000000,-25.000000,-20.000000,-22.000000,-136.000000,-15.000000,-18.000000
151,-29.000000,-20.000000,-27.000000,-19.000000,-115.000000,-152.000000,-24.000000,-24.000000,-25.000000,-19.000000
152,-23.000000,-31.000000,-33.000000,-18.000000,-24.000000,-23.000000,-236.000000,-161.000000,-44.000000,-28.000000
153,-24.000000,-26.000000,-119.000000,-30.000000,-29.000000,-148.000000,-18.000000,-23.000000,-20.000000,-25.000000
154,-22.000000,-40.000000,-21.000000,-133.000000,-38.000000,-37.000000,-32.000000,-19.000000,-32.000000,-30.000000
155,-170.000000,-21.000000,-42.000000,-30.000000,-27.000000,-13.000000,-30.000000,-37.000000,-20.000000,-26.000000
156,-26.000000,-22.000000,-120.000000,-16.000000,-159.000000,-19.000000,-35.000000,-35.000000,-23.000000,-25.000000
157,-25.000000,-146.000000,-121.000000,-18.000000,-32.000000,-26.000000,-28.000000,-16.000000,-26.000000,-14.000000
158,-118.000000,-139.000000,-150.000000,-249.000000,-18.000000,-27.000000,-19.000000,-19.000000,-19.000000,-37.000000
159,-146.000000,-28.000000,-19.000000,-125.000000,-22.000000,-23.000000,-124.000000,-27.000000,-129.000000,-137.000000
160,-157.000000,-19.000000,-21.000000,-27.000000,-255.000000,-23.000000,-26.000000,-27.000000,-20.000000,-26.000000
161,-26.000000,-24.000000,-146.000000,-47.000000,-152.000000,-26.000000,-21.000000,-20.000000,-28.000000,-34.000000
162,-15.000000,-254.000000,-24.000000,-24.000000,-27.000000,-264.000000,-25.000000,-43.000000,-23.000000,-18.000000
163,-22.000000,-143.000000,-34.000000,-29.000000,-18.000000,-145.000000,-23.000000,-18.000000,-26.000000,-15.000000
164,-27.000000,-132.000000,-25.000000,-15.000000,-18.000000,-20.000000,-40.000000,-16.000000,-43.000000,-139.000000
165,-131.000000,-13.000000,-23.000000,-30.000000,-24.000000,-34.000000,-44.000000,-26.000000,-16.000000,-25.000000
166,-157.000000,-37.000000,-28.000000,-15.000000,-238.000000,-138.000000,-16.000000,-27.000000,-135.000000,-21.000000
167,-19.000000,-143.000000,-24.000000,-240.000000,-22.000000,-24.000000,-15.000000,-148.000000,-15.000000,-22.000000
168,-23.000000,-33.000000,-35.000000,-23.000000,-139.000000,-17.000000,-26.000000,-132.000000,-19.000000,-250.000000
169,-24.000000,-121.000000,-19.000000,-23.000000,-27.000000,-21.000000,-18.000000,-137.000000,-29.000000,-18.000000
170,-37.000000,-128.000000,-137.000000,-29.000000,-25.000000,-28.000000,-19.000000,-23.000000,-126.000000,-20.000000
171,-24.000000,-21.000000,-141.000000,-353.000000,-156.000000,-19.000000,-132.000000,-27.000000,-27.000000,-24.000000
172,-21.000000,-22.000000,-15.000000,-28.000000,-15.000000,-15.000000,-161.000000,-26.000000,-34.000000,-29.000000
173,-27.000000,-25.000000,-25.000000,-22.000000,-16.000000,-25.000000,-17.000000,-28.000000,-13.000000,-22.000000
174,-16.000000,-158.000000,-250.000000,-124.000000,-129.000000,-24.000000,-247.000000,-14.000000,-221.000000,-32.000000
175,-18.000000,-15.000000,-25.000000,-367.000000,-24.000000,-25.000000,-149.000000,-27.000000,-19.000000,-13.000000
176,-143.000000,-127.000000,-20.000000,-16.000000,-22.000000,-24.000000,-29.000000,-36.000000,-20.000000,-15.000000
177,-22.000000,-21.000000,-15.000000,-27.000000,-38.000000,-32.000000,-21.000000,-20.000000,-25.000000,-21.000000
178,-23.000000,-124.000000,-20.000000,-343.000000,-22.000000,-19.000000,-35.000000,-17.000000,-36.000000,-32.000000
179,-23.000000,-245.000000,-26.000000,-119.000000,-22.000000,-18.000000,-26.000000,-23.000000,-19.000000,-22.000000
180,-28.000000,-35.000000,-24.000000,-33.000000,-17.000000,-28.000000,-21.000000,-30.000000,-16.000000,-23.000000
181,-23.000000,-23.000000,-22.000000,-132.000000,-31.000000,-24.000000,-29.000000,-26.000000,-24.000000,-27.000000
182,-16.000000,-21.000000,-27.000000,-146.000000,-30.000000,-25.000000,-20.000000,-120.000000,-26.000000,-22.000000
183,-24.000000,-37.000000,-13.000000,-213.000000,-17.000000,-19.000000,-15.000000,-18.000000,-37.000000,-17.000000
184,-24.000000,-26.000000,-17.000000,-23.000000,-14.000000,-351.000000,-24.000000,-25.000000,-19.000000,-14.000000
185,-234.000000,-13.000000,-17.000000,-21.000000,-18.000000,-36.000000,-16.000000,-32.000000,-17.000000,-15.000000
186,-132.000000,-22.000000,-18.000000,-23.000000,-42.000000,-22.000000,-24.000000,-21.000000,-150.000000,-33.000000
187,-19.000000,-26.000000,-33.000000,-14.000000,-20.000000,-19.000000,-23.000000,-15.000000,-25.000000,-230.000000
188,-31.000000,-123.000000,-19.000000,-21.000000,-16.000000,-13.000000,-127.000000,-13.000000,-136.000000,-17.000000
189,-131.000000,-15.000000,-24.000000,-23.000000,-16.000000,-19.000000,-131.000000,-27.000000,-36.000000,-26.000000
190,-17.000000,-20.000000,-35.000000,-26.000000,-23.000000,-15.000000,-144.000000,-18.000000,-135.000000,-23.000000
191,-20.000000,-16.000000,-141.000000,-129.000000,-19.000000,-39.000000,-15.000000,-22.000000,-13.000000,-36.000000
192,-21.000000,-25.000000,-21.000000,-116.000000,-19.000000,-24.000000,-28.000000,-20.000000,-17.000000,-20.000000
193,-148.000000,-15.000000,-124.000000,-22.000000,-15.000000,-25.000000,-17.000000,-28.000000,-252.000000,-34.000000
194,-17.000000,-14.000000,-29.000000,-27.000000,-30.000000,-13.000000,-13.000000,-13.000000,-23.000000,-24.000000
195,-29.000000,-136.000000,-21.000000,-17.000000,-25.000000,-25.000000,-32.000000,-17.000000,-21.000000,-19.000000
196,-24.000000,-18.000000,-23.000000,-128.000000,-24.000000,-19.000000,-22.000000,-28.000000,-141.000000,-19.000000
197,-14.000000,-16.000000,-29.000000,-19.000000,-18.000000,-367.000000,-18.000000,-20.000000,-251.000000,-13.000000
198,-140.000000,-19.000000,-15.000000,-25.000000,-19.000000,-18.000000,-125.000000,-27.000000,-31.000000,-15.000000
199,-15.000000,-31.000000,-15.000000,-25.000000,-16.000000,-373.000000,-130.000000,-15.000000,-238.000000,-32.000000
200,-143.000000,-17.000000,-16.000000,-30.000000,-18.000000,-20.000000,-27.000000,-18.000000,-18.000000,-24.000000
201,-30.000000,-15.000000,-18.000000,-19.000000,-129.000000,-17.000000,-15.000000,-21.000000,-20.000000,-26.000000
202,-23.000000,-20.000000,-31.000000,-24.000000,-36.000000,-15.000000,-18.000000,-22.000000,-18.000000,-15.000000
203,-21.000000,-18.000000,-134.000000,-15.000000,-135.000000,-359.000000,-123.000000,-39.000000,-15.000000,-25.000000
204,-119.000000,-24.000000,-26.000000,-22.000000,-23.000000,-15.000000,-31.000000,-131.000000,-13.000000,-28.000000
205,-28.000000,-29.000000,-138.000000,-254.000000,-19.000000,-15.000000,-22.000000,-126.000000,-32.000000,-16.000000
206,-13.000000,-18.000000,-19.000000,-21.000000,-17.000000,-19.000000,-17.000000,-121.000000,-25.000000,-17.000000
207,-18.000000,-24.000000,-13.000000,-21.000000,-20.000000,-29.000000,-19.000000,-25.000000,-21.000000,-13.000000
208,-23.000000,-17.000000,-21.000000,-121.000000,-23.000000,-120.000000,-15.000000,-14.000000,-25.000000,-26.000000
209,-15.000000,-17.000000,-17.000000,-21.000000,-15.000000,-20.000000,-21.000000,-23.000000,-13.000000,-16.000000
210,-24.000000,-21.000000,-128.000000,-22.000000,-44.000000,-127.000000,-133.000000,-122.000000,-22.000000,-40.000000
211,-13.000000,-13.000000,-31.000000,-244.000000,-14.000000,-14.000000,-130.000000,-18.000000,-23.000000,-19.000000
212,-32.000000,-32.000000,-133.000000,-22.000000,-21.000000,-244.000000,-23.000000,-21.000000,-22.000000,-15.000000
213,-20.000000,-125.000000,-14.000000,-28.000000,-139.000000,-14.000000,-18.000000,-22.000000,-17.000000,-123.000000
214,-15.000000,-36.000000,-22.000000,-21.000000,-13.000000,-30.000000,-28.000000,-16.000000,-19.000000,-22.000000
215,-13.000000,-19.000000,-19.000000,-25.000000,-130.000000,-15.000000,-18.000000,-15.000000,-14.000000,-33.000000
216,-21.000000,-24.000000,-21.000000,-121.000000,-132.000000,-128.000000,-358.000000,-33.000000,-137.000000,-16.000000
217,-137.000000,-22.000000,-24.000000,-13.000000,-20.000000,-24.000000,-15.000000,-125.000000,-17.000000,-22.000000
218,-135.000000,-23.000000,-21.000000,-14.000000,-129.000000,-15.000000,-15.000000,-20.000000,-127.000000,-24.000000
219,-30.000000,-20.000000,-19.000000,-17.000000,-16.000000,-146.000000,-115.000000,-134.000000,-143.000000,-13.000000
220,-126.000000,-117.000000,-123.000000,-17.000000,-15.000000,-130.000000,-142.000000,-121.000000,-22.000000,-17.000000
221,-21.000000,-131.000000,-16.000000,-20.000000,-25.000000,-26.000000,-13.000000,-19.000000,-13.000000,-17.000000
222,-235.000000,-13.000000,-31.000000,-21.000000,-14.000000,-13.000000,-24.000000,-21.000000,-28.000000,-18.000000
223,-14.000000,-16.000000,-26.000000,-14.000000,-23.000000,-17.000000,-13.000000,-126.000000,-124.000000,-22.000000
224,-235.000000,-20.000000,-18.000000,-21.000000,-17.000000,-13.000000,-17.000000,-18.000000,-22.000000,-135.000000
225,-126.000000,-15.000000,-24.000000,-24.000000,-15.000000,-23.000000,-25.000000,-20.000000,-28.000000,-25.000000
226,-133.000000,-28.000000,-229.000000,-15.000000,-13.000000,-14.000000,-132.000000,-35.000000,-27.000000,-129.000000
227,-30.000000,-13.000000,-20.000000,-16.000000,-119.000000,-15.000000,-18.000000,-13.000000,-15.000000,-20.000000
228,-26.000000,-17.000000,-146.000000,-14.000000,-24.000000,-19.000000,-13.000000,-28.000000,-24.000000,-16.000000
229,-15.000000,-30.000000,-21.000000,-24.000000,-16.000000,-124.000000,-126.000000,-17.000000,-16.000000,-24.000000
230,-118.000000,-24.000000,-113.000000,-15.000000,-132.000000,-15.000000,-30.000000,-114.000000,-22.000000,-123.000000
231,-16.000000,-131.000000,-21.000000,-24.000000,-19.000000,-19.000000,-148.000000,-22.000000,-139.000000,-18.000000
232,-13.000000,-19.000000,-125.000000,-14.000000,-120.000000,-19.000000,-15.000000,-124.000000,-15.000000,-127.000000
233,-127.000000,-15.000000,-13.000000,-119.000000,-22.000000,-24.000000,-25.000000,-14.000000,-22.000000,-128.000000
234,-21.000000,-17.000000,-144.000000,-19.000000,-18.000000,-23.000000,-18.000000,-15.000000,-17.000000,-122.000000
235,-15.000000,-15.000000,-15.000000,-16.000000,-15.000000,-13.000000,-19.000000,-19.000000,-13.000000,-30.000000
236,-19.000000,-20.000000,-21.000000,-23.000000,-24.000000,-14.000000,-13.000000,-18.000000,-13.000000,-18.000000
237,-30.000000,-18.000000,-13.000000,-142.000000,-118.000000,-21.000000,-17.000000,-17.000000,-17.000000,-22.000000
238,-15.000000,-15.000000,-13.000000,-24.000000,-20.000000,-19.000000,-22.000000,-17.000000,-13.000000,-19.000000
239,-129.000000,-226.000000,-129.000000,-15.000000,-25.000000,-14.000000,-15.000000,-15.000000,-25.000000,-14.000000
240,-16.000000,-18.000000,-14.000000,-15.000000,-27.000000,-15.000000,-16.000000,-35.000000,-137.000000,-20.000000
241,-13.000000,-13.000000,-19.000000,-22.000000,-13.000000,-30.000000,-19.000000,-130.000000,-22.000000,-15.000000
242,-21.000000,-18.000000,-20.000000,-30.000000,-13.000000,-13.000000,-13.000000,-19.000000,-14.000000,-17.000000
243,-26.000000,-136.000000,-125.000000,-15.000000,-17.000000,-17.000000,-22.000000,-13.000000,-20.000000,-21.000000
244,-22.000000,-15.000000,-31.000000,-18.000000,-24.000000,-123.000000,-115.000000,-17.000000,-13.000000,-24.000000
245,-14.000000,-26.000000,-13.000000,-19.000000,-17.000000,-27.000000,-23.000000,-13.000000,-14.000000,-15.000000
246,-13.000000,-26.000000,-122.000000,-19.000000,-17.000000,-13.000000,-124.000000,-27.000000,-27.000000,-13.000000
247,-24.000000,-13.000000,-20.000000,-18.000000,-124.000000,-13.000000,-21.000000,-133.000000,-17.000000,-14.000000
248,-15.000000,-138.000000,-113.000000,-18.000000,-15.000000,-127.000000,-25.000000,-133.000000,-18.000000,-15.000000
249,-15.000000,-27.000000,-126.000000,-15.000000,-24.000000,-17.000000,-17.000000,-14.000000,-119.000000,-25.000000
250,-235.000000,-128.000000,-122.000000,-217.000000,-13.000000,-13.000000,-15.000000,-15.000000,-13.000000,-13.000000
251,-15.000000,-17.000000,-13.000000,-15.000000,-16.000000,-22.000000,-13.000000,-128.000000,-143.000000,-139.000000
252,-13.000000,-19.000000,-15.000000,-18.000000,-13.000000,-117.000000,-14.000000,-135.000000,-16.000000,-19.000000
253,-18.000000,-131.000000,-17.000000,-347.000000,-13.000000,-113.000000,-22.000000,-13.000000,-13.000000,-15.000000
254,-129.000000,-13.000000,-21.000000,-20.000000,-15.000000,-15.000000,-15.000000,-337.000000,-129.000000,-24.000000
255,-20.000000,-122.000000,-19.000000,-13.000000,-15.000000,-32.000000,-23.000000,-13.000000,-15.000000,-14.000000
256,-15.000000,-23.000000,-24.000000,-128.000000,-225.000000,-13.000000,-15.000000,-14.000000,-22.000000,-134.000000
257,-15.000000,-13.000000,-18.000000,-228.000000,-118.000000,-16.000000,-15.000000,-21.000000,-21.000000,-118.000000
258,-13.000000,-13.000000,-15.000000,-36.000000,-16.000000,-22.000000,-341.000000,-121.000000,-17.000000,-20.000000
259,-16.000000,-13.000000,-14.000000,-13.000000,-22.000000,-13.000000,-13.000000,-20.000000,-13.000000,-13.000000
260,-19.000000,-20.000000,-17.000000,-23.000000,-25.000000,-15.000000,-13.000000,-117.000000,-13.000000,-15.000000
261,-20.000000,-122.000000,-13.000000,-125.000000,-14.000000,-13.000000,-15.000000,-22.000000,-14.000000,-13.000000
262,-13.000000,-15.000000,-32.000000,-230.000000,-15.000000,-21.000000,-28.000000,-13.000000,-15.000000,-13.000000
263,-13.000000,-24.000000,-123.000000,-13.000000,-118.000000,-19.000000,-13.000000,-15.000000,-15.000000,-22.000000
264,-13.000000,-14.000000,-121.000000,-14.000000,-127.000000,-132.000000,-13.000000,-16.000000,-14.000000,-13.000000
265,-13.000000,-17.000000,-21.000000,-116.000000,-227.000000,-13.000000,-17.000000,-13.000000,-17.000000,-18.000000
266,-13.000000,-13.000000,-229.000000,-13.000000,-128.000000,-13.000000,-15.000000,-128.000000,-23.000000,-127.000000
267,-21.000000,-13.000000,-13.000000,-23.000000,-14.000000,-13.000000,-139.000000,-131.000000,-21.000000,-23.000000
268,-13.000000,-13.000000,-20.000000,-15.000000,-120.000000,-20.000000,-13.000000,-15.000000,-14.000000,-13.000000
269,-114.000000,-29.000000,-18.000000,-15.000000,-19.000000,-15.000000,-237.000000,-14.000000,-13.000000,-13.000000
270,-19.000000,-15.000000,-15.000000,-233.000000,-13.000000,-234.000000,-113.000000,-13.000000,-16.000000,-13.000000
271,-15.000000,-13.000000,-14.000000,-13.000000,-234.000000,-122.000000,-13.000000,-19.000000,-22.000000,-18.000000
272,-124.000000,-118.000000,-18.000000,-25.000000,-14.000000,-15.000000,-15.000000,-18.000000,-15.000000,-17.000000
273,-13.000000,-16.000000,-23.000000,-228.000000,-14.000000,-13.000000,-17.000000,-15.000000,-13.000000,-15.000000
274,-13.000000,-121.000000,-13.000000,-15.000000,-31.000000,-15.000000,-15.000000,-15.000000,-13.000000,-13.000000
275,-15.000000,-13.000000,-18.000000,-14.000000,-13.000000,-13.000000,-16.000000,-13.000000,-15.000000,-20.000000
276,-13.000000,-20.000000,-16.000000,-15.000000,-15.000000,-17.000000,-14.000000,-15.000000,-20.000000,-18.000000
277,-15.000000,-15.000000,-15.000000,-13.000000,-124.000000,-15.000000,-16.000000,-13.000000,-30.000000,-15.000000
278,-29.000000,-13.000000,-123.000000,-15.000000,-231.000000,-32.000000,-13.000000,-15.000000,-14.000000,-13.000000
279,-13.000000,-13.000000,-25.000000,-19.000000,-133.000000,-14.000000,-15.000000,-15.000000,-13.000000,-19.000000
280,-13.000000,-126.000000,-27.000000,-15.000000,-223.000000,-13.000000,-21.000000,-118.000000,-13.000000,-125.000000
281,-123.000000,-13.000000,-123.000000,-17.000000,-13.000000,-14.000000,-15.000000,-13.000000,-13.000000,-13.000000
282,-18.000000,-118.000000,-13.000000,-13.000000,-16.000000,-224.000000,-13.000000,-13.000000,-122.000000,-16.000000
283,-13.000000,-141.000000,-18.000000,-13.000000,-13.000000,-15.000000,-15.000000,-14.000000,-20.000000,-113.000000
284,-17.000000,-125.000000,-15.000000,-223.000000,-13.000000,-13.000000,-15.000000,-225.000000,-15.000000,-13.000000
285,-13.000000,-15.000000,-16.000000,-13.000000,-13.000000,-14.000000,-19.000000,-13.000000,-115.000000,-13.000000
286,-23.000000,-13.000000,-13.000000,-122.000000,-20.000000,-13.000000,-13.000000,-251.000000,-116.000000,-15.000000
287,-114.000000,-13.000000,-15.000000,-13.000000,-13.000000,-16.000000,-20.000000,-226.000000,-125.000000,-27.000000
288,-13.000000,-13.000000,-13.000000,-13.000000,-15.000000,-15.000000,-13.000000,-16.000000,-13.000000,-118.000000
289,-15.000000,-15.000000,-19.000000,-15.000000,-14.000000,-15.000000,-14.000000,-13.000000,-119.000000,-14.000000
290,-116.000000,-120.000000,-13.000000,-13.000000,-121.000000,-113.000000,-15.000000,-13.000000,-235.000000,-228.000000
291,-123.000000,-16.000000,-13.000000,-119.000000,-20.000000,-120.000000,-13.000000,-13.000000,-19.000000,-14.000000
292,-15.000000,-17.000000,-121.000000,-22.000000,-13.000000,-13.000000,-13.000000,-127.000000,-128.000000,-129.000000
293,-13.000000,-15.000000,-14.000000,-15.000000,-14.000000,-116.000000,-17.000000,-13.000000,-15.000000,-120.000000
294,-130.000000,-15.000000,-21.000000,-125.000000,-13.000000,-13.000000,-14.000000,-116.000000,-124.000000,-130.000000
295,-15.000000,-16.000000,-14.000000,-13.000000,-17.000000,-21.000000,-21.000000,-15.000000,-22.000000,-13.000000
296,-16.000000,-15.000000,-232.000000,-15.000000,-15.000000,-17.000000,-15.000000,-15.000000,-15.000000,-15.000000
297,-15.000000,-14.000000,-18.000000,-13.000000,-13.000000,-15.000000,-129.000000,-16.000000,-15.000000,-13.000000
298,-13.000000,-13.000000,-134.000000,-13.000000,-13.000000,-15.000000,-13.000000,-13.000000,-17.000000,-16.000000
299,-118.000000,-121.000000,-130.000000,-13.000000,-129.000000,-13.000000,-15.000000,-17.000000,-13.000000,-13.000000
300,-13.000000,-230.000000,-15.000000,-118.000000,-13.000000,-132.000000,-224.000000,-13.000000,-13.000000,-13.000000
301,-336.000000,-13.000000,-18.000000,-115.000000,-13.000000,-15.000000,-15.000000,-128.000000,-17.000000,-17.000000
302,-118.000000,-15.000000,-13.000000,-15.000000,-13.000000,-126.000000,-13.000000,-17.000000,-23.000000,-24.000000
303,-15.000000,-13.000000,-13.000000,-15.000000,-13.000000,-18.000000,-13.000000,-13.000000,-17.000000,-16.000000
304,-13.000000,-13.000000,-117.000000,-13.000000,-13.000000,-13.000000,-13.000000,-13.000000,-13.000000,-14.000000
305,-13.000000,-21.000000,-13.000000,-124.000000,-13.000000,-15.000000,-330.000000,-17.000000,-119.000000,-13.000000
306,-113.000000,-13.000000,-116.000000,-15.000000,-20.000000,-113.000000,-13.000000,-13.000000,-115.000000,-13.000000
307,-15.000000,-22.000000,-225.000000,-17.000000,-13.000000,-13.000000,-124.000000,-15.000000,-16.000000,-124.000000
308,-13.000000,-122.000000,-13.000000,-13.000000,-128.000000,-134.000000,-123.000000,-20.000000,-22.000000,-15.000000
309,-225.000000,-13.000000,-15.000000,-13.000000,-13.000000,-24.000000,-217.000000,-113.000000,-13.000000,-13.000000
310,-344.000000,-17.000000,-118.000000,-13.000000,-27.000000,-15.000000,-13.000000,-15.000000,-17.000000,-13.000000
311,-13.000000,-126.000000,-13.000000,-13.000000,-13.000000,-13.000000,-13.000000,-220.000000,-13.000000,-21.000000
312,-13.000000,-15.000000,-15.000000,-13.000000,-16.000000,-128.000000,-15.000000,-15.000000,-15.000000,-14.000000
313,-13.000000,-13.000000,-113.000000,-15.000000,-232.000000,-13.000000,-116.000000,-16.000000,-18.000000,-15.000000
314,-15.000000,-15.000000,-127.000000,-15.000000,-14.000000,-337.000000,-229.000000,-13.000000,-15.000000,-15.000000
315,-15.000000,-15.000000,-14.000000,-18.000000,-13.000000,-15.000000,-115.000000,-15.000000,-13.000000,-13.000000
316,-123.000000,-15.000000,-15.000000,-119.000000,-14.000000,-117.000000,-19.000000,-15.000000,-13.000000,-14.000000
317,-14.000000,-15.000000,-15.000000,-15.000000,-13.000000,-13.000000,-17.000000,-18.000000,-13.000000,-19.000000
318,-13.000000,-13.000000,-15.000000,-13.000000,-13.000000,-13.000000,-121.000000,-18.000000,-17.000000,-19.000000
319,-232.000000,-13.000000,-13.000000,-125.000000,-13.000000,-13.000000,-17.000000,-122.000000,-15.000000,-119.000000
320,-25.000000,-15.000000,-13.000000,-15.000000,-13.000000,-13.000000,-13.000000,-14.000000,-120.000000,-239.000000
321,-128.000000,-13.000000,-13.000000,-23.000000,-13.000000,-225.000000,-15.000000,-119.000000,-13.000000,-15.000000
322,-124.000000,-13.000000,-15.000000,-15.000000,-126.000000,-13.000000,-13.000000,-115.000000,-13.000000,-15.000000
323,-13.000000,-13.000000,-13.000000,-121.000000,-17.000000,-230.000000,-122.000000,-119.000000,-18.000000,-15.000000
324,-13.000000,-15.000000,-127.000000,-13.000000,-124.000000,-116.000000,-15.000000,-15.000000,-15.000000,-13.000000
325,-13.000000,-15.000000,-13.000000,-13.000000,-13.000000,-230.000000,-13.000000,-20.000000,-113.000000,-13.000000
326,-13.000000,-13.000000,-15.000000,-117.000000,-15.000000,-15.000000,-15.000000,-17.000000,-224.000000,-13.000000
327,-225.000000,-224.000000,-124.000000,-129.000000,-13.000000,-15.000000,-17.000000,-14.000000,-13.000000,-15.000000
328,-15.000000,-115.000000,-16.000000,-14.000000,-15.000000,-14.000000,-15.000000,-13.000000,-13.000000,-17.000000
329,-15.000000,-115.000000,-120.000000,-15.000000,-13.000000,-13.000000,-15.000000,-113.000000,-15.000000,-13.000000
330,-235.000000,-17.000000,-120.000000,-16.000000,-219.000000,-115.000000,-13.000000,-128.000000,-21.000000,-118.000000
331,-122.000000,-13.000000,-13.000000,-17.000000,-15.000000,-129.000000,-123.000000,-13.000000,-13.000000,-13.000000
332,-13.000000,-23.000000,-20.000000,-13.000000,-121.000000,-17.000000,-124.000000,-13.000000,-331.000000,-19.000000
333,-17.000000,-13.000000,-15.000000,-13.000000,-27.000000,-13.000000,-116.000000,-13.000000,-15.000000,-13.000000
334,-15.000000,-20.000000,-23.000000,-13.000000,-13.000000,-13.000000,-17.000000,-122.000000,-125.000000,-20.000000
335,-13.000000,-15.000000,-117.000000,-129.000000,-16.000000,-13.000000,-19.000000,-125.000000,-15.000000,-13.000000
336,-14.000000,-24.000000,-13.000000,-122.000000,-122.000000,-122.000000,-13.000000,-228.000000,-17.000000,-23.000000
337,-15.000000,-15.000000,-13.000000,-15.000000,-13.000000,-13.000000,-121.000000,-17.000000,-13.000000,-15.000000
338,-15.000000,-16.000000,-13.000000,-228.000000,-122.000000,-15.000000,-120.000000,-19.000000,-15.000000,-115.000000
339,-15.000000,-15.000000,-13.000000,-13.000000,-19.000000,-117.000000,-13.000000,-15.000000,-17.000000,-13.000000
340,-126.000000,-13.000000,-13.000000,-126.000000,-13.000000,-13.000000,-13.000000,-13.000000,-13.000000,-13.000000
341,-237.000000,-118.000000,-13.000000,-122.000000,-22.000000,-15.000000,-13.000000,-231.000000,-236.000000,-14.000000
342,-15.000000,-21.000000,-15.000000,-15.000000,-124.000000,-13.000000,-13.000000,-120.000000,-15.000000,-13.000000
343,-17.000000,-13.000000,-13.000000,-13.000000,-121.000000,-14.000000,-13.000000,-13.000000,-13.000000,-119.000000
344,-13.000000,-124.000000,-19.000000,-15.000000,-13.000000,-13.000000,-117.000000,-17.000000,-122.000000,-13.000000
345,-13.000000,-24.000000,-13.000000,-26.000000,-13.000000,-115.000000,-120.000000,-15.000000,-17.000000,-337.000000
346,-128.000000,-117.000000,-13.000000,-15.000000,-14.000000,-13.000000,-15.000000,-19.000000,-13.000000,-441.000000
347,-13.000000,-19.000000,-13.000000,-15.000000,-130.000000,-13.000000,-227.000000,-21.000000,-15.000000,-13.000000
348,-127.000000,-13.000000,-13.000000,-15.000000,-335.000000,-14.000000,-433.000000,-13.000000,-123.000000,-19.000000
349,-15.000000,-13.000000,-19.000000,-15.000000,-15.000000,-13.000000,-15.000000,-17.000000,-15.000000,-17.000000
350,-15.000000,-327.000000,-19.000000,-18.000000,-15.000000,-13.000000,-13.000000,-225.000000,-15.000000,-15.000000
351,-121.000000,-13.000000,-13.000000,-222.000000,-19.000000,-13.000000,-29.000000,-15.000000,-13.000000,-128.000000
352,-14.000000,-17.000000,-15.000000,-15.000000,-14.000000,-123.000000,-124.000000,-13.000000,-13.000000,-23.000000
353,-231.000000,-13.000000,-13.000000,-24.000000,-15.000000,-223.000000,-13.000000,-13.000000,-18.000000,-21.000000
354,-220.000000,-127.000000,-13.000000,-13.000000,-323.000000,-16.000000,-15.000000,-25.000000,-113.000000,-118.000000
355,-125.000000,-234.000000,-17.000000,-13.000000,-19.000000,-15.000000,-229.000000,-13.000000,-120.000000,-13.000000
356,-13.000000,-13.000000,-16.000000,-121.000000,-119.000000,-127.000000,-119.000000,-113.000000,-13.000000,-15.000000
357,-13.000000,-13.000000,-13.000000,-13.000000,-17.000000,-124.000000,-13.000000,-117.000000,-13.000000,-13.000000
358,-231.000000,-13.000000,-21.000000,-13.000000,-13.000000,-13.000000,-13.000000,-116.000000,-15.000000,-234.000000
359,-125.000000,-15.000000,-18.000000,-13.000000,-19.000000,-13.000000,-21.000000,-119.000000,-15.000000,-15.000000
360,-13.000000,-14.000000,-16.000000,-15.000000,-13.000000,-17.000000,-17.000000,-15.000000,-13.000000,-118.000000
361,-21.000000,-233.000000,-13.000000,-15.000000,-13.000000,-15.000000,-15.000000,-15.000000,-124.000000,-17.000000
362,-19.000000,-16.000000,-17.000000,-13.000000,-234.000000,-15.000000,-118.000000,-17.000000,-15.000000,-15.000000
363,-117.000000,-13.000000,-13.000000,-132.000000,-13.000000,-14.000000,-13.000000,-14.000000,-118.000000,-117.000000
364,-19.000000,-15.000000,-123.000000,-13.000000,-18.000000,-13.000000,-15.000000,-13.000000,-13.000000,-16.000000
365,-231.000000,-125.000000,-121.000000,-16.000000,-13.000000,-334.000000,-18.000000,-13.000000,-15.000000,-13.000000
366,-338.000000,-15.000000,-19.000000,-13.000000,-15.000000,-13.000000,-126.000000,-117.000000,-117.000000,-120.000000
367,-232.000000,-14.000000,-15.000000,-13.000000,-13.000000,-17.000000,-19.000000,-13.000000,-13.000000,-15.000000
368,-15.000000,-15.000000,-15.000000,-13.000000,-13.000000,-13.000000,-13.000000,-17.000000,-20.000000,-13.000000
369,-13.000000,-14.000000,-13.000000,-229.000000,-13.000000,-127.000000,-13.000000,-125.000000,-13.000000,-13.000000
370,-125.000000,-17.000000,-13.000000,-119.000000,-15.000000,-218.000000,-14.000000,-13.000000,-18.000000,-13.000000
371,-15.000000,-13.000000,-13.000000,-13.000000,-15.000000,-13.000000,-13.000000,-15.000000,-15.000000,-15.000000
372,-21.000000,-224.000000,-224.000000,-13.000000,-238.000000,-20.000000,-21.000000,-14.000000,-13.000000,-13.000000
373,-15.000000,-15.000000,-20.000000,-13.000000,-120.000000,-242.000000,-126.000000,-21.000000,-120.000000,-334.000000
374,-13.000000,-117.000000,-13.000000,-229.000000,-13.000000,-115.000000,-13.000000,-13.000000,-16.000000,-117.000000
375,-19.000000,-13.000000,-15.000000,-125.000000,-13.000000,-19.000000,-14.000000,-115.000000,-21.000000,-14.000000
376,-17.000000,-19.000000,-13.000000,-120.000000,-13.000000,-17.000000,-13.000000,-119.000000,-24.000000,-13.000000
377,-15.000000,-13.000000,-15.000000,-13.000000,-122.000000,-14.000000,-230.000000,-15.000000,-123.000000,-117.000000
378,-124.000000,-443.000000,-15.000000,-222.000000,-13.000000,-15.000000,-116.000000,-16.000000,-17.000000,-13.000000
379,-14.000000,-124.000000,-13.000000,-16.000000,-117.000000,-15.000000,-14.000000,-13.000000,-123.000000,-120.000000
380,-17.000000,-14.000000,-15.000000,-15.000000,-13.000000,-23.000000,-19.000000,-13.000000,-13.000000,-14.000000
381,-17.000000,-17.000000,-13.000000,-16.000000,-13.000000,-13.000000,-17.000000,-15.000000,-228.000000,-126.000000
382,-13.000000,-117.000000,-15.000000,-125.000000,-15.000000,-18.000000,-13.000000,-117.000000,-17.000000,-13.000000
383,-116.000000,-338.000000,-13.000000,-15.000000,-17.000000,-126.000000,-15.000000,-119.000000,-15.000000,-13.000000
384,-13.000000,-126.000000,-17.000000,-15.000000,-13.000000,-13.000000,-15.000000,-17.000000,-18.000000,-14.000000
385,-334.000000,-13.000000,-15.000000,-21.000000,-121.000000,-13.000000,-13.000000,-15.000000,-122.000000,-13.000000
386,-15.000000,-13.000000,-15.000000,-123.000000,-15.000000,-17.000000,-15.000000,-117.000000,-13.000000,-17.000000
387,-13.000000,-15.000000,-13.000000,-17.000000,-14.000000,-13.000000,-223.000000,-13.000000,-13.000000,-13.000000
388,-13.000000,-13.000000,-13.000000,-15.000000,-18.000000,-15.000000,-116.000000,-13.000000,-22.000000,-15.000000
389,-15.000000,-16.000000,-127.000000,-23.000000,-15.000000,-25.000000,-15.000000,-13.000000,-13.000000,-15.000000
390,-120.000000,-13.000000,-117.000000,-18.000000,-17.000000,-13.000000,-14.000000,-118.000000,-15.000000,-13.000000
391,-13.000000,-13.000000,-13.000000,-13.000000,-14.000000,-15.000000,-16.000000,-13.000000,-121.000000,-14.000000
392,-17.000000,-336.000000,-13.000000,-20.000000,-13.000000,-17.000000,-15.000000,-15.000000,-13.000000,-116.000000
393,-113.000000,-17.000000,-13.000000,-13.000000,-13.000000,-16.000000,-17.000000,-17.000000,-115.000000,-13.000000
394,-13.000000,-127.000000,-15.000000,-14.000000,-15.000000,-124.000000,-19.000000,-13.000000,-13.000000,-119.000000
395,-13.000000,-24.000000,-13.000000,-13.000000,-13.000000,-215.000000,-13.000000,-225.000000,-13.000000,-13.000000
396,-13.000000,-27.000000,-125.000000,-15.000000,-13.000000,-13.000000,-19.000000,-17.000000,-20.000000,-132.000000
397,-15.000000,-119.000000,-13.000000,-126.000000,-13.000000,-24.000000,-15.000000,-13.000000,-15.000000,-13.000000
398,-14.000000,-124.000000,-13.000000,-13.000000,-13.000000,-15.000000,-126.000000,-114.000000,-13.000000,-15.000000
399,-13.000000,-15.000000,-13.000000,-127.000000,-13.000000,-13.000000,-15.000000,-18.000000,-13.000000,-13.000000
400,-113.000000,-13.000000,-13.000000,-13.000000,-13.000000,-13.000000,-17.000000,-13.000000,-15.000000,-15.000000
401,-13.000000,-235.000000,-13.000000,-13.000000,-13.000000,-13.000000,-13.000000,-29.000000,-21.000000,-25.000000
402,-120.000000,-13.000000,-230.000000,-13.000000,-13.000000,-118.000000,-15.000000,-15.000000,-13.000000,-117.000000
403,-13.000000,-13.000000,-13.000000,-13.000000,-15.000000,-14.000000,-15.000000,-24.000000,-15.000000,-115.000000
404,-241.000000,-13.000000,-13.000000,-240.000000,-13.000000,-13.000000,-13.000000,-16.000000,-13.000000,-19.000000
405,-15.000000,-229.000000,-13.000000,-13.000000,-13.000000,-121.000000,-13.000000,-17.000000,-15.000000,-13.000000
406,-136.000000,-13.000000,-19.000000,-119.000000,-124.000000,-13.000000,-15.000000,-31.000000,-15.000000,-15.000000
407,-15.000000,-123.000000,-223.000000,-14.000000,-124.000000,-15.000000,-13.000000,-14.000000,-117.000000,-13.000000
408,-13.000000,-15.000000,-15.000000,-15.000000,-13.000000,-13.000000,-13.000000,-13.000000,-13.000000,-118.000000
409,-13.000000,-13.000000,-15.000000,-13.000000,-13.000000,-15.000000,-123.000000,-13.000000,-13.000000,-13.000000
410,-15.000000,-13.000000,-128.000000,-17.000000,-115.000000,-15.000000,-15.000000,-13.000000,-130.000000,-13.000000
411,-13.000000,-13.000000,-336.000000,-13.000000,-15.000000,-15.000000,-228.000000,-16.000000,-13.000000,-15.000000
412,-13.000000,-15.000000,-15.000000,-13.000000,-15.000000,-13.000000,-17.000000,-24.000000,-20.000000,-13.000000
413,-15.000000,-13.000000,-13.000000,-124.000000,-17.000000,-32.000000,-131.000000,-15.000000,-13.000000,-17.000000
414,-15.000000,-17.000000,-13.000000,-13.000000,-117.000000,-13.000000,-13.000000,-15.000000,-13.000000,-17.000000
415,-19.000000,-18.000000,-120.000000,-13.000000,-13.000000,-15.000000,-224.000000,-13.000000,-13.000000,-15.000000
416,-13.000000,-115.000000,-13.000000,-117.000000,-15.000000,-15.000000,-15.000000,-124.000000,-15.000000,-14.000000
417,-117.000000,-13.000000,-19.000000,-16.000000,-15.000000,-224.000000,-15.000000,-13.000000,-13.000000,-13.000000
418,-117.000000,-13.000000,-15.000000,-233.000000,-131.000000,-15.000000,-228.000000,-15.000000,-15.000000,-16.000000
419,-15.000000,-13.000000,-15.000000,-16.000000,-223.000000,-13.000000,-15.000000,-13.000000,-17.000000,-15.000000
420,-230.000000,-13.000000,-14.000000,-321.000000,-15.000000,-123.000000,-13.000000,-13.000000,-13.000000,-13.000000
421,-17.000000,-122.000000,-17.000000,-14.000000,-120.000000,-129.000000,-13.000000,-15.000000,-13.000000,-13.000000
422,-121.000000,-16.000000,-16.000000,-15.000000,-121.000000,-15.000000,-14.000000,-13.000000,-13.000000,-13.000000
423,-13.000000,-123.000000,-23.000000,-126.000000,-116.000000,-14.000000,-13.000000,-15.000000,-13.000000,-120.000000
424,-13.000000,-13.000000,-15.000000,-17.000000,-126.000000,-119.000000,-23.000000,-17.000000,-22.000000,-13.000000
425,-19.000000,-13.000000,-13.000000,-13.000000,-15.000000,-13.000000,-116.000000,-15.000000,-14.000000,-24.000000
426,-13.000000,-13.000000,-13.000000,-13.000000,-13.000000,-249.000000,-116.000000,-13.000000,-15.000000,-15.000000
427,-115.000000,-14.000000,-13.000000,-15.000000,-13.000000,-13.000000,-15.000000,-17.000000,-231.000000,-13.000000
428,-18.000000,-15.000000,-26.000000,-221.000000,-217.000000,-14.000000,-13.000000,-16.000000,-13.000000,-16.000000
429,-130.000000,-14.000000,-13.000000,-15.000000,-15.000000,-13.000000,-122.000000,-13.000000,-121.000000,-13.000000
430,-17.000000,-13.000000,-15.000000,-13.000000,-15.000000,-14.000000,-15.000000,-128.000000,-15.000000,-13.000000
431,-17.000000,-113.000000,-13.000000,-13.000000,-16.000000,-15.000000,-13.000000,-17.000000,-13.000000,-15.000000
432,-17.000000,-122.000000,-122.000000,-13.000000,-13.000000,-13.000000,-13.000000,-18.000000,-13.000000,-13.000000
433,-16.000000,-15.000000,-13.000000,-13.000000,-13.000000,-13.000000,-14.000000,-13.000000,-13.000000,-14.000000
434,-15.000000,-13.000000,-15.000000,-17.000000,-128.000000,-121.000000,-118.000000,-15.000000,-13.000000,-13.000000
435,-125.000000,-222.000000,-16.000000,-13.000000,-333.000000,-126.000000,-15.000000,-14.000000,-124.000000,-126.000000
436,-118.000000,-14.000000,-132.000000,-13.000000,-13.000000,-115.000000,-15.000000,-13.000000,-123.000000,-15.000000
437,-15.000000,-15.000000,-13.000000,-13.000000,-19.000000,-13.000000,-13.000000,-332.000000,-120.000000,-120.000000
438,-13.000000,-122.000000,-15.000000,-13.000000,-119.000000,-16.000000,-24.000000,-13.000000,-13.000000,-13.000000
439,-15.000000,-17.000000,-116.000000,-13.000000,-13.000000,-113.000000,-126.000000,-15.000000,-15.000000,-20.000000
440,-21.000000,-13.000000,-15.000000,-118.000000,-15.000000,-13.000000,-122.000000,-15.000000,-15.000000,-16.000000
441,-17.000000,-20.000000,-13.000000,-13.000000,-15.000000,-13.000000,-119.000000,-13.000000,-13.000000,-15.000000
442,-15.000000,-236.000000,-13.000000,-15.000000,-15.000000,-21.000000,-13.000000,-125.000000,-18.000000,-13.000000
443,-14.000000,-26.000000,-17.000000,-13.000000,-16.000000,-13.000000,-119.000000,-15.000000,-16.000000,-13.000000
444,-15.000000,-126.000000,-13.000000,-19.000000,-13.000000,-13.000000,-13.000000,-13.000000,-15.000000,-13.000000
445,-13.000000,-13.000000,-119.000000,-13.000000,-13.000000,-15.000000,-125.000000,-15.000000,-15.000000,-13.000000
446,-14.000000,-13.000000,-23.000000,-13.000000,-122.000000,-216.000000,-226.000000,-122.000000,-13.000000,-13.000000
447,-121.000000,-123.000000,-15.000000,-14.000000,-13.000000,-124.000000,-113.000000,-13.000000,-15.000000,-115.000000
448,-17.000000,-13.000000,-15.000000,-13.000000,-120.000000,-13.000000,-16.000000,-231.000000,-115.000000,-227.000000
449,-15.000000,-13.000000,-17.000000,-120.000000,-224.000000,-13.000000,-14.000000,-19.000000,-15.000000,-13.000000
450,-219.000000,-116.000000,-13.000000,-13.000000,-13.000000,-15.000000,-116.000000,-119.000000,-13.000000,-230.000000
451,-119.000000,-17.000000,-13.000000,-130.000000,-118.000000,-15.000000,-15.000000,-27.000000,-113.000000,-15.000000
452,-14.000000,-13.000000,-13.000000,-15.000000,-13.000000,-125.000000,-13.000000,-13.000000,-13.000000,-25.000000
453,-15.000000,-17.000000,-120.000000,-127.000000,-14.000000,-13.000000,-117.000000,-19.000000,-13.000000,-15.000000
454,-116.000000,-15.000000,-17.000000,-125.000000,-120.000000,-15.000000,-14.000000,-13.000000,-15.000000,-13.000000
455,-17.000000,-16.000000,-16.000000,-13.000000,-13.000000,-13.000000,-15.000000,-27.000000,-26.000000,-120.000000
456,-13.000000,-13.000000,-120.000000,-15.000000,-13.000000,-14.000000,-224.000000,-16.000000,-13.000000,-13.000000
457,-13.000000,-13.000000,-15.000000,-224.000000,-17.000000,-19.000000,-13.000000,-13.000000,-13.000000,-14.000000
458,-220.000000,-123.000000,-133.000000,-13.000000,-115.000000,-13.000000,-221.000000,-13.000000,-231.000000,-15.000000
459,-552.000000,-15.000000,-13.000000,-13.000000,-17.000000,-17.000000,-15.000000,-127.000000,-13.000000,-15.000000
460,-13.000000,-13.000000,-125.000000,-13.000000,-17.000000,-14.000000,-13.000000,-17.000000,-13.000000,-13.000000
461,-29.000000,-119.000000,-14.000000,-13.000000,-26.000000,-15.000000,-13.000000,-13.000000,-131.000000,-17.000000
462,-14.000000,-13.000000,-13.000000,-13.000000,-13.000000,-13.000000,-26.000000,-13.000000,-13.000000,-17.000000
463,-15.000000,-19.000000,-13.000000,-15.000000,-15.000000,-13.000000,-15.000000,-225.000000,-230.000000,-13.000000
464,-13.000000,-15.000000,-13.000000,-234.000000,-116.000000,-19.000000,-15.000000,-17.000000,-15.000000,-15.000000
465,-122.000000,-15.000000,-13.000000,-122.000000,-15.000000,-15.000000,-13.000000,-117.000000,-34.000000,-22.000000
466,-13.000000,-14.000000,-18.000000,-13.000000,-35.000000,-13.000000,-129.000000,-15.000000,-13.000000,-14.000000
467,-13.000000,-115.000000,-13.000000,-17.000000,-120.000000,-13.000000,-17.000000,-14.000000,-15.000000,-15.000000
468,-119.000000,-13.000000,-30.000000,-124.000000,-15.000000,-113.000000,-13.000000,-17.000000,-121.000000,-19.000000
469,-13.000000,-14.000000,-227.000000,-122.000000,-13.000000,-15.000000,-13.000000,-13.000000,-232.000000,-13.000000
470,-13.000000,-17.000000,-119.000000,-15.000000,-13.000000,-13.000000,-119.000000,-20.000000,-13.000000,-13.000000
471,-13.000000,-19.000000,-329.000000,-13.000000,-130.000000,-15.000000,-133.000000,-13.000000,-22.000000,-16.000000
472,-117.000000,-126.000000,-115.000000,-15.000000,-15.000000,-13.000000,-13.000000,-15.000000,-125.000000,-17.000000
473,-17.000000,-13.000000,-15.000000,-20.000000,-122.000000,-122.000000,-15.000000,-13.000000,-227.000000,-13.000000
474,-121.000000,-13.000000,-15.000000,-13.000000,-121.000000,-13.000000,-13.000000,-19.000000,-15.000000,-15.000000
475,-15.000000,-13.000000,-19.000000,-130.000000,-16.000000,-13.000000,-17.000000,-120.000000,-13.000000,-229.000000
476,-13.000000,-15.000000,-13.000000,-123.000000,-332.000000,-17.000000,-13.000000,-13.000000,-125.000000,-13.000000
477,-234.000000,-13.000000,-13.000000,-15.000000,-121.000000,-121.000000,-15.000000,-15.000000,-116.000000,-13.000000
478,-15.000000,-13.000000,-13.000000,-15.000000,-19.000000,-13.000000,-343.000000,-13.000000,-121.000000,-16.000000
479,-15.000000,-13.000000,-22.000000,-123.000000,-13.000000,-118.000000,-119.000000,-13.000000,-19.000000,-19.000000
480,-16.000000,-15.000000,-120.000000,-328.000000,-15.000000,-13.000000,-13.000000,-13.000000,-13.000000,-17.000000
481,-17.000000,-13.000000,-13.000000,-17.000000,-13.000000,-15.000000,-13.000000,-19.000000,-222.000000,-15.000000
482,-347.000000,-236.000000,-13.000000,-13.000000,-13.000000,-133.000000,-122.000000,-13.000000,-13.000000,-13.000000
483,-13.000000,-13.000000,-121.000000,-13.000000,-13.000000,-13.000000,-13.000000,-126.000000,-13.000000,-13.000000
484,-13.000000,-15.000000,-13.000000,-13.000000,-19.000000,-13.000000,-13.000000,-13.000000,-15.000000,-126.000000
485,-15.000000,-13.000000,-123.000000,-31.000000,-14.000000,-18.000000,-15.000000,-15.000000,-13.000000,-16.000000
486,-15.000000,-15.000000,-15.000000,-15.000000,-13.000000,-13.000000,-13.000000,-127.000000,-19.000000,-15.000000
487,-129.000000,-127.000000,-123.000000,-13.000000,-13.000000,-118.000000,-13.000000,-237.000000,-17.000000,-136.000000
488,-15.000000,-15.000000,-235.000000,-16.000000,-13.000000,-15.000000,-124.000000,-13.000000,-15.000000,-19.000000
489,-13.000000,-13.000000,-13.000000,-13.000000,-17.000000,-15.000000,-13.000000,-129.000000,-13.000000,-15.000000
490,-18.000000,-330.000000,-13.000000,-119.000000,-17.000000,-13.000000,-122.000000,-15.000000,-15.000000,-17.000000
491,-17.000000,-13.000000,-115.000000,-13.000000,-226.000000,-13.000000,-13.000000,-121.000000,-13.000000,-119.000000
492,-13.000000,-14.000000,-13.000000,-119.000000,-116.000000,-15.000000,-124.000000,-13.000000,-128.000000,-131.000000
493,-13.000000,-15.000000,-13.000000,-118.000000,-15.000000,-13.000000,-13.000000,-123.000000,-15.000000,-15.000000
494,-13.000000,-17.000000,-15.000000,-113.000000,-125.000000,-13.000000,-19.000000,-13.000000,-15.000000,-14.000000
495,-13.000000,-123.000000,-18.000000,-26.000000,-15.000000,-15.000000,-119.000000,-15.000000,-124.000000,-117.000000
496,-14.000000,-15.000000,-13.000000,-13.000000,-228.000000,-120.000000,-122.000000,-13.000000,-15.000000,-115.000000
497,-14.000000,-13.000000,-13.000000,-15.000000,-120.000000,-113.000000,-17.000000,-119.000000,-14.000000,-123.000000
498,-17.000000,-118.000000,-21.000000,-15.000000,-13.000000,-13.000000,-13.000000,-115.000000,-124.000000,-115.000000
499,-13.000000,-17.000000,-17.000000,-13.000000,-123.000000,-14.000000,-15.000000,-17.000000,-15.000000,-215.000000
500,-13.000000,-17.000000,-132.000000,-13.000000,-18.000000,-13.000000,-216.000000,-116.000000,-117.000000,-117.000000
