episode,sarsa_run_1,sarsa_run_2,sarsa_run_3,sarsa_run_4,sarsa_run_5,sarsa_run_6,sarsa_run_7,sarsa_run_8,sarsa_run_9,sarsa_run_10
1,-1546.000000,-2425.000000,-2167.000000,-2043.000000,-2549.000000,-2636.000000,-2310.000000,-2257.000000,-2498.000000,-2444.000000
2,-1010.000000,-385.000000,-414.000000,-646.000000,-476.000000,-222.000000,-453.000000,-510.000000,-303.000000,-777.000000
3,-327.000000,-588.000000,-482.000000,-99.000000,-1053.000000,-223.000000,-211.000000,-831.000000,-562.000000,-467.000000
4,-145.000000,-381.000000,-190.000000,-482.000000,-137.000000,-694.000000,-348.000000,-583.000000,-241.000000,-278.000000
5,-197.000000,-332.000000,-482.000000,-352.000000,-196.000000,-183.000000,-775.000000,-171.000000,-634.000000,-211.000000
6,-274.000000,-467.000000,-657.000000,-258.000000,-502.000000,-60.000000,-727.000000,-606.000000,-917.000000,-177.000000
7,-181.000000,-146.000000,-313.000000,-285.000000,-169.000000,-738.000000,-257.000000,-225.000000,-395.000000,-133.000000
8,-191.000000,-584.000000,-277.000000,-295.000000,-199.000000,-243.000000,-108.000000,-524.000000,-350.000000,-284.000000
9,-101.000000,-633.000000,-189.000000,-306.000000,-112.000000,-85.000000,-181.000000,-172.000000,-142.000000,-173.000000
10,-91.000000,-98.000000,-212.000000,-123.000000,-55.000000,-91.000000,-110.000000,-211.000000,-167.000000,-241.000000
11,-557.000000,-79.000000,-98.000000,-116.000000,-341.000000,-165.000000,-87.000000,-198.000000,-370.000000,-65.000000
12,-165.000000,-141.000000,-172.000000,-398.000000,-66.000000,-687.000000,-408.000000,-119.000000,-108.000000,-290.000000
13,-304.000000,-388.000000,-215.000000,-291.000000,-115.000000,-177.000000,-93.000000,-66.000000,-202.000000,-107.000000
14,-101.000000,-96.000000,-238.000000,-119.000000,-104.000000,-244.000000,-86.000000,-74.000000,-268.000000,-233.000000
15,-277.000000,-63.000000,-207.000000,-283.000000,-75.000000,-83.000000,-107.000000,-105.000000,-88.000000,-107.000000
16,-58.000000,-99.000000,-98.000000,-281.000000,-155.000000,-52.000000,-431.000000,-93.000000,-159.000000,-89.000000
17,-268.000000,-218.000000,-360.000000,-55.000000,-287.000000,-144.000000,-62.000000,-220.000000,-40.000000,-129.000000
18,-107.000000,-341.000000,-98.000000,-118.000000,-187.000000,-92.000000,-92.000000,-165.000000,-120.000000,-453.000000
19,-50.000000,-64.000000,-87.000000,-81.000000,-75.000000,-131.000000,-199.000000,-37.000000,-50.000000,-75.000000
20,-72.000000,-89.000000,-71.000000,-106.000000,-86.000000,-108.000000,-52.000000,-147.000000,-156.000000,-99.000000
21,-104.000000,-46.000000,-43.000000,-59.000000,-234.000000,-51.000000,-79.000000,-39.000000,-121.000000,-112.000000
22,-186.000000,-78.000000,-105.000000,-225.000000,-57.000000,-135.000000,-39.000000,-83.000000,-41.000000,-53.000000
23,-81.000000,-202.000000,-58.000000,-91.000000,-63.000000,-48.000000,-113.000000,-55.000000,-265.000000,-45.000000
24,-609.000000,-110.000000,-223.000000,-209.000000,-108.000000,-90.000000,-52.000000,-85.000000,-236.000000,-281.000000
25,-223.000000,-358.000000,-201.000000,-205.000000,-36.000000,-109.000000,-220.000000,-207.000000,-107.000000,-81.000000
26,-82.000000,-70.000000,-31.000000,-269.000000,-101.000000,-84.000000,-71.000000,-52.000000,-263.000000,-79.000000
27,-58.000000,-529.000000,-109.000000,-179.000000,-83.000000,-70.000000,-53.000000,-205.000000,-63.000000,-217.000000
28,-93.000000,-45.000000,-72.000000,-73.000000,-58.000000,-186.000000,-44.000000,-44.000000,-73.000000,-95.000000
29,-88.000000,-145.000000,-270.000000,-62.000000,-682.000000,-74.000000,-108.000000,-249.000000,-68.000000,-405.000000
30,-81.000000,-130.000000,-37.000000,-56.000000,-48.000000,-69.000000,-70.000000,-54.000000,-167.000000,-264.000000
31,-94.000000,-193.000000,-191.000000,-182.000000,-59.000000,-322.000000,-194.000000,-500.000000,-31.000000,-87.000000
32,-142.000000,-136.000000,-202.000000,-100.000000,-91.000000,-48.000000,-37.000000,-190.000000,-98.000000,-93.000000
33,-263.000000,-216.000000,-80.000000,-40.000000,-51.000000,-107.000000,-212.000000,-193.000000,-215.000000,-158.000000
34,-65.000000,-89.000000,-323.000000,-39.000000,-67.000000,-88.000000,-68.000000,-80.000000,-215.000000,-55.000000
35,-188.000000,-43.000000,-50.000000,-97.000000,-195.000000,-187.000000,-315.000000,-79.000000,-71.000000,-84.000000
36,-212.000000,-73.000000,-76.000000,-53.000000,-171.000000,-67.000000,-52.000000,-139.000000,-90.000000,-47.000000
37,-80.000000,-91.000000,-43.000000,-215.000000,-56.000000,-55.000000,-75.000000,-67.000000,-63.000000,-423.000000
38,-38.000000,-59.000000,-223.000000,-41.000000,-72.000000,-104.000000,-46.000000,-182.000000,-68.000000,-60.000000
39,-69.000000,-222.000000,-43.000000,-216.000000,-43.000000,-67.000000,-57.000000,-29.000000,-81.000000,-57.000000
40,-266.000000,-45.000000,-55.000000,-41.000000,-26.000000,-105.000000,-69.000000,-107.000000,-61.000000,-34.000000
41,-62.000000,-303.000000,-82.000000,-161.000000,-71.000000,-158.000000,-39.000000,-23.000000,-53.000000,-249.000000
42,-59.000000,-52.000000,-80.000000,-147.000000,-41.000000,-54.000000,-178.000000,-129.000000,-99.000000,-66.000000
43,-53.000000,-42.000000,-37.000000,-204.000000,-51.000000,-41.000000,-186.000000,-85.000000,-35.000000,-42.000000
44,-82.000000,-94.000000,-74.000000,-45.000000,-74.000000,-58.000000,-13.000000,-101.000000,-38.000000,-81.000000
45,-41.000000,-179.000000,-38.000000,-50.000000,-61.000000,-99.000000,-39.000000,-49.000000,-195.000000,-101.000000
46,-49.000000,-39.000000,-71.000000,-67.000000,-184.000000,-121.000000,-59.000000,-41.000000,-67.000000,-140.000000
47,-37.000000,-66.000000,-189.000000,-37.000000,-47.000000,-56.000000,-73.000000,-99.000000,-54.000000,-73.000000
48,-54.000000,-69.000000,-71.000000,-60.000000,-40.000000,-67.000000,-42.000000,-39.000000,-60.000000,-73.000000
49,-37.000000,-60.000000,-98.000000,-45.000000,-35.000000,-75.000000,-49.000000,-55.000000,-95.000000,-41.000000
50,-65.000000,-33.000000,-43.000000,-41.000000,-451.000000,-40.000000,-23.000000,-75.000000,-33.000000,-61.000000
51,-80.000000,-51.000000,-55.000000,-77.000000,-68.000000,-70.000000,-49.000000,-212.000000,-187.000000,-69.000000
52,-52.000000,-33.000000,-45.000000,-42.000000,-45.000000,-55.000000,-155.000000,-23.000000,-54.000000,-59.000000
53,-54.000000,-73.000000,-34.000000,-56.000000,-51.000000,-37.000000,-72.000000,-48.000000,-43.000000,-283.000000
54,-48.000000,-69.000000,-162.000000,-59.000000,-147.000000,-168.000000,-41.000000,-163.000000,-57.000000,-27.000000
55,-311.000000,-23.000000,-82.000000,-51.000000,-40.000000,-65.000000,-185.000000,-72.000000,-68.000000,-199.000000
56,-52.000000,-57.000000,-132.000000,-60.000000,-71.000000,-45.000000,-399.000000,-135.000000,-68.000000,-59.000000
57,-62.000000,-191.000000,-35.000000,-45.000000,-29.000000,-55.000000,-43.000000,-41.000000,-126.000000,-71.000000
58,-207.000000,-57.000000,-199.000000,-41.000000,-48.000000,-147.000000,-217.000000,-47.000000,-148.000000,-37.000000
59,-37.000000,-58.000000,-39.000000,-29.000000,-38.000000,-187.000000,-57.000000,-64.000000,-39.000000,-65.000000
60,-43.000000,-65.000000,-55.000000,-455.000000,-169.000000,-72.000000,-44.000000,-183.000000,-43.000000,-44.000000
61,-192.000000,-47.000000,-61.000000,-36.000000,-58.000000,-125.000000,-83.000000,-39.000000,-61.000000,-43.000000
62,-61.000000,-44.000000,-32.000000,-55.000000,-25.000000,-33.000000,-38.000000,-51.000000,-63.000000,-28.000000
63,-53.000000,-67.000000,-59.000000,-25.000000,-39.000000,-55.000000,-43.000000,-236.000000,-162.000000,-37.000000
64,-50.000000,-51.000000,-43.000000,-39.000000,-53.000000,-65.000000,-74.000000,-41.000000,-34.000000,-52.000000
65,-56.000000,-49.000000,-47.000000,-49.000000,-25.000000,-57.000000,-187.000000,-150.000000,-42.000000,-29.000000
66,-39.000000,-63.000000,-47.000000,-70.000000,-25.000000,-27.000000,-138.000000,-63.000000,-45.000000,-77.000000
67,-82.000000,-56.000000,-35.000000,-66.000000,-54.000000,-42.000000,-52.000000,-51.000000,-38.000000,-64.000000
68,-19.000000,-125.000000,-39.000000,-33.000000,-46.000000,-41.000000,-22.000000,-58.000000,-51.000000,-37.000000
69,-29.000000,-158.000000,-30.000000,-33.000000,-33.000000,-54.000000,-48.000000,-30.000000,-64.000000,-177.000000
70,-69.000000,-147.000000,-205.000000,-55.000000,-44.000000,-27.000000,-303.000000,-34.000000,-86.000000,-153.000000
71,-35.000000,-142.000000,-51.000000,-47.000000,-164.000000,-47.000000,-47.000000,-42.000000,-34.000000,-39.000000
72,-19.000000,-53.000000,-144.000000,-51.000000,-40.000000,-37.000000,-43.000000,-50.000000,-39.000000,-137.000000
73,-52.000000,-35.000000,-34.000000,-167.000000,-29.000000,-176.000000,-52.000000,-27.000000,-57.000000,-180.000000
74,-46.000000,-157.000000,-50.000000,-191.000000,-26.000000,-33.000000,-25.000000,-72.000000,-33.000000,-144.000000
75,-45.000000,-176.000000,-21.000000,-55.000000,-33.000000,-43.000000,-66.000000,-45.000000,-141.000000,-45.000000
76,-35.000000,-38.000000,-56.000000,-508.000000,-58.000000,-37.000000,-49.000000,-49.000000,-46.000000,-48.000000
77,-79.000000,-35.000000,-315.000000,-58.000000,-153.000000,-23.000000,-53.000000,-49.000000,-304.000000,-148.000000
78,-164.000000,-65.000000,-167.000000,-45.000000,-33.000000,-38.000000,-142.000000,-291.000000,-29.000000,-43.000000
79,-45.000000,-43.000000,-38.000000,-34.000000,-27.000000,-48.000000,-23.000000,-183.000000,-35.000000,-45.000000
80,-33.000000,-141.000000,-174.000000,-53.000000,-38.000000,-27.000000,-50.000000,-39.000000,-20.000000,-48.000000
81,-37.000000,-41.000000,-30.000000,-49.000000,-21.000000,-52.000000,-46.000000,-51.000000,-160.000000,-168.000000
82,-53.000000,-149.000000,-42.000000,-43.000000,-41.000000,-30.000000,-39.000000,-41.000000,-44.000000,-48.000000
83,-37.000000,-48.000000,-29.000000,-151.000000,-31.000000,-29.000000,-34.000000,-51.000000,-32.000000,-43.000000
84,-33.000000,-54.000000,-30.000000,-43.000000,-177.000000,-142.000000,-43.000000,-27.000000,-27.000000,-39.000000
85,-55.000000,-31.000000,-39.000000,-42.000000,-40.000000,-161.000000,-47.000000,-39.000000,-29.000000,-72.000000
86,-33.000000,-47.000000,-38.000000,-64.000000,-50.000000,-31.000000,-37.000000,-18.000000,-56.000000,-161.000000
87,-37.000000,-72.000000,-32.000000,-31.000000,-45.000000,-26.000000,-32.000000,-49.000000,-27.000000,-27.000000
88,-48.000000,-50.000000,-25.000000,-38.000000,-32.000000,-29.000000,-57.000000,-28.000000,-44.000000,-174.000000
89,-25.000000,-318.000000,-45.000000,-26.000000,-145.000000,-29.000000,-31.000000,-163.000000,-154.000000,-60.000000
90,-56.000000,-31.000000,-31.000000,-70.000000,-41.000000,-64.000000,-135.000000,-33.000000,-35.000000,-35.000000
91,-43.000000,-33.000000,-52.000000,-36.000000,-34.000000,-23.000000,-50.000000,-30.000000,-25.000000,-21.000000
92,-40.000000,-39.000000,-35.000000,-52.000000,-88.000000,-51.000000,-43.000000,-141.000000,-33.000000,-59.000000
93,-23.000000,-27.000000,-29.000000,-50.000000,-139.000000,-37.000000,-29.000000,-35.000000,-39.000000,-41.000000
94,-55.000000,-53.000000,-43.000000,-261.000000,-69.000000,-23.000000,-24.000000,-27.000000,-28.000000,-41.000000
95,-32.000000,-33.000000,-150.000000,-150.000000,-53.000000,-23.000000,-39.000000,-34.000000,-23.000000,-33.000000
96,-35.000000,-25.000000,-34.000000,-45.000000,-33.000000,-147.000000,-31.000000,-40.000000,-35.000000,-54.000000
97,-49.000000,-45.000000,-49.000000,-42.000000,-19.000000,-28.000000,-41.000000,-36.000000,-33.000000,-40.000000
98,-35.000000,-35.000000,-27.000000,-22.000000,-62.000000,-43.000000,-44.000000,-152.000000,-25.000000,-25.000000
99,-36.000000,-142.000000,-31.000000,-129.000000,-21.000000,-27.000000,-34.000000,-37.000000,-51.000000,-34.000000
100,-25.000000,-57.000000,-68.000000,-41.000000,-160.000000,-41.000000,-37.000000,-315.000000,-35.000000,-51.000000
101,-31.000000,-124.000000,-24.000000,-57.000000,-43.000000,-36.000000,-43.000000,-31.000000,-36.000000,-24.000000
102,-23.000000,-48.000000,-22.000000,-60.000000,-34.000000,-41.000000,-41.000000,-31.000000,-30.000000,-28.000000
103,-49.000000,-33.000000,-57.000000,-27.000000,-23.000000,-29.000000,-60.000000,-31.000000,-30.000000,-49.000000
104,-175.000000,-21.000000,-31.000000,-22.000000,-52.000000,-38.000000,-37.000000,-167.000000,-44.000000,-25.000000
105,-142.000000,-29.000000,-28.000000,-46.000000,-24.000000,-25.000000,-159.000000,-23.000000,-38.000000,-35.000000
106,-23.000000,-33.000000,-35.000000,-21.000000,-35.000000,-317.000000,-149.000000,-49.000000,-170.000000,-33.000000
107,-65.000000,-23.000000,-32.000000,-21.000000,-29.000000,-407.000000,-19.000000,-147.000000,-36.000000,-34.000000
108,-25.000000,-288.000000,-141.000000,-58.000000,-37.000000,-35.000000,-33.000000,-60.000000,-42.000000,-153.000000
109,-27.000000,-49.000000,-44.000000,-28.000000,-23.000000,-30.000000,-33.000000,-21.000000,-33.000000,-38.000000
110,-152.000000,-35.000000,-34.000000,-29.000000,-45.000000,-40.000000,-258.000000,-22.000000,-22.000000,-160.000000
111,-50.000000,-140.000000,-23.000000,-23.000000,-171.000000,-38.000000,-29.000000,-45.000000,-45.000000,-41.000000
112,-50.000000,-27.000000,-24.000000,-19.000000,-59.000000,-250.000000,-40.000000,-23.000000,-41.000000,-42.000000
113,-186.000000,-36.000000,-35.000000,-24.000000,-48.000000,-22.000000,-17.000000,-43.000000,-39.000000,-31.000000
114,-33.000000,-35.000000,-29.000000,-27.000000,-169.000000,-39.000000,-29.000000,-54.000000,-31.000000,-26.000000
115,-153.000000,-141.000000,-41.000000,-23.000000,-53.000000,-45.000000,-153.000000,-24.000000,-26.000000,-31.000000
116,-53.000000,-34.000000,-38.000000,-44.000000,-54.000000,-42.000000,-39.000000,-40.000000,-47.000000,-29.000000
117,-34.000000,-24.000000,-48.000000,-29.000000,-141.000000,-33.000000,-29.000000,-30.000000,-29.000000,-36.000000
118,-51.000000,-28.000000,-120.000000,-28.000000,-39.000000,-148.000000,-128.000000,-73.000000,-42.000000,-44.000000
119,-142.000000,-48.000000,-43.000000,-29.000000,-134.000000,-37.000000,-30.000000,-32.000000,-139.000000,-41.000000
120,-46.000000,-23.000000,-142.000000,-31.000000,-29.000000,-29.000000,-28.000000,-43.000000,-55.000000,-29.000000
121,-28.000000,-31.000000,-34.000000,-21.000000,-31.000000,-35.000000,-36.000000,-33.000000,-127.000000,-44.000000
122,-33.000000,-39.000000,-35.000000,-26.000000,-28.000000,-37.000000,-40.000000,-41.000000,-34.000000,-45.000000
123,-43.000000,-34.000000,-36.000000,-28.000000,-31.000000,-39.000000,-37.000000,-39.000000,-198.000000,-55.000000
124,-156.000000,-44.000000,-29.000000,-27.000000,-32.000000,-31.000000,-31.000000,-51.000000,-39.000000,-28.000000
125,-32.000000,-35.000000,-135.000000,-31.000000,-40.000000,-43.000000,-45.000000,-29.000000,-36.000000,-31.000000
126,-44.000000,-31.000000,-30.000000,-33.000000,-40.000000,-125.000000,-31.000000,-30.000000,-27.000000,-34.000000
127,-36.000000,-32.000000,-39.000000,-23.000000,-56.000000,-66.000000,-30.000000,-23.000000,-31.000000,-39.000000
128,-33.000000,-26.000000,-30.000000,-137.000000,-39.000000,-35.000000,-35.000000,-27.000000,-37.000000,-43.000000
129,-130.000000,-239.000000,-37.000000,-57.000000,-30.000000,-54.000000,-27.000000,-29.000000,-31.000000,-139.000000
130,-36.000000,-25.000000,-72.000000,-29.000000,-25.000000,-36.000000,-23.000000,-35.000000,-54.000000,-27.000000
131,-28.000000,-27.000000,-19.000000,-31.000000,-29.000000,-38.000000,-50.000000,-34.000000,-39.000000,-41.000000
132,-42.000000,-35.000000,-23.000000,-30.000000,-46.000000,-38.000000,-141.000000,-28.000000,-30.000000,-25.000000
133,-31.000000,-24.000000,-29.000000,-17.000000,-31.000000,-32.000000,-19.000000,-33.000000,-29.000000,-46.000000
134,-28.000000,-28.000000,-39.000000,-125.000000,-40.000000,-161.000000,-34.000000,-42.000000,-26.000000,-41.000000
135,-33.000000,-19.000000,-27.000000,-33.000000,-21.000000,-37.000000,-22.000000,-27.000000,-21.000000,-24.000000
136,-29.000000,-23.000000,-166.000000,-25.000000,-26.000000,-31.000000,-32.000000,-35.000000,-28.000000,-35.000000
137,-23.000000,-30.000000,-25.000000,-41.000000,-38.000000,-31.000000,-37.000000,-33.000000,-26.000000,-367.000000
138,-40.000000,-139.000000,-141.000000,-38.000000,-35.000000,-46.000000,-133.000000,-34.000000,-52.000000,-25.000000
139,-21.000000,-39.000000,-148.000000,-30.000000,-156.000000,-33.000000,-22.000000,-29.000000,-17.000000,-42.000000
140,-25.000000,-154.000000,-23.000000,-32.000000,-31.000000,-29.000000,-31.000000,-35.000000,-22.000000,-42.000000
141,-25.000000,-21.000000,-31.000000,-32.000000,-33.000000,-326.000000,-43.000000,-23.000000,-38.000000,-43.000000
142,-37.000000,-17.000000,-23.000000,-27.000000,-22.000000,-25.000000,-23.000000,-29.000000,-37.000000,-25.000000
143,-29.000000,-27.000000,-31.000000,-25.000000,-26.000000,-23.000000,-25.000000,-33.000000,-32.000000,-23.000000
144,-33.000000,-29.000000,-35.000000,-31.000000,-35.000000,-35.000000,-25.000000,-31.000000,-19.000000,-125.000000
145,-27.000000,-20.000000,-30.000000,-19.000000,-31.000000,-21.000000,-60.000000,-22.000000,-22.000000,-31.000000
146,-21.000000,-33.000000,-28.000000,-24.000000,-46.000000,-43.000000,-27.000000,-32.000000,-23.000000,-23.000000
147,-35.000000,-29.000000,-52.000000,-168.000000,-30.000000,-44.000000,-21.000000,-31.000000,-25.000000,-32.000000
148,-21.000000,-27.000000,-35.000000,-29.000000,-25.000000,-31.000000,-33.000000,-31.000000,-32.000000,-31.000000
149,-21.000000,-277.000000,-27.000000,-19.000000,-26.000000,-44.000000,-23.000000,-40.000000,-31.000000,-40.000000
150,-41.000000,-46.000000,-125.000000,-31.000000,-37.000000,-125.000000,-22.000000,-21.000000,-25.000000,-25.000000
151,-35.000000,-25.000000,-33.000000,-25.000000,-35.000000,-27.000000,-44.000000,-27.000000,-23.000000,-31.000000
152,-27.000000,-31.000000,-27.000000,-19.000000,-21.000000,-34.000000,-29.000000,-23.000000,-129.000000,-21.000000
153,-29.000000,-38.000000,-27.000000,-33.000000,-29.000000,-136.000000,-26.000000,-31.000000,-29.000000,-25.000000
154,-36.000000,-59.000000,-29.000000,-29.000000,-29.000000,-25.000000,-27.000000,-25.000000,-17.000000,-39.000000
155,-21.000000,-24.000000,-39.000000,-21.000000,-34.000000,-28.000000,-31.000000,-23.000000,-29.000000,-35.000000
156,-29.000000,-23.000000,-29.000000,-25.000000,-24.000000,-29.000000,-31.000000,-22.000000,-22.000000,-37.000000
157,-45.000000,-22.000000,-34.000000,-31.000000,-39.000000,-25.000000,-35.000000,-27.000000,-164.000000,-27.000000
158,-27.000000,-29.000000,-21.000000,-27.000000,-35.000000,-33.000000,-151.000000,-25.000000,-24.000000,-27.000000
159,-27.000000,-35.000000,-26.000000,-128.000000,-24.000000,-26.000000,-27.000000,-35.000000,-31.000000,-179.000000
160,-20.000000,-29.000000,-44.000000,-25.000000,-24.000000,-143.000000,-25.000000,-32.000000,-31.000000,-21.000000
161,-23.000000,-127.000000,-25.000000,-23.000000,-30.000000,-27.000000,-45.000000,-27.000000,-23.000000,-18.000000
162,-29.000000,-21.000000,-36.000000,-18.000000,-26.000000,-29.000000,-21.000000,-20.000000,-29.000000,-41.000000
163,-27.000000,-29.000000,-33.000000,-23.000000,-53.000000,-39.000000,-21.000000,-21.000000,-29.000000,-24.000000
164,-31.000000,-25.000000,-27.000000,-30.000000,-127.000000,-144.000000,-35.000000,-27.000000,-28.000000,-19.000000
165,-41.000000,-19.000000,-35.000000,-25.000000,-21.000000,-37.000000,-33.000000,-25.000000,-39.000000,-39.000000
166,-22.000000,-24.000000,-19.000000,-37.000000,-25.000000,-34.000000,-29.000000,-19.000000,-22.000000,-22.000000
167,-21.000000,-27.000000,-22.000000,-143.000000,-25.000000,-25.000000,-25.000000,-42.000000,-144.000000,-18.000000
168,-30.000000,-19.000000,-23.000000,-29.000000,-39.000000,-31.000000,-24.000000,-17.000000,-29.000000,-23.000000
169,-18.000000,-17.000000,-39.000000,-22.000000,-29.000000,-27.000000,-362.000000,-28.000000,-17.000000,-48.000000
170,-29.000000,-21.000000,-23.000000,-29.000000,-25.000000,-29.000000,-27.000000,-39.000000,-27.000000,-17.000000
171,-29.000000,-29.000000,-35.000000,-32.000000,-30.000000,-21.000000,-30.000000,-23.000000,-23.000000,-28.000000
172,-21.000000,-24.000000,-31.000000,-21.000000,-22.000000,-33.000000,-28.000000,-27.000000,-20.000000,-28.000000
173,-35.000000,-37.000000,-30.000000,-27.000000,-24.000000,-25.000000,-17.000000,-27.000000,-40.000000,-32.000000
174,-23.000000,-23.000000,-23.000000,-41.000000,-31.000000,-27.000000,-46.000000,-19.000000,-27.000000,-21.000000
175,-33.000000,-25.000000,-38.000000,-21.000000,-16.000000,-19.000000,-25.000000,-17.000000,-31.000000,-27.000000
176,-21.000000,-25.000000,-33.000000,-30.000000,-44.000000,-21.000000,-19.000000,-33.000000,-17.000000,-22.000000
177,-33.000000,-22.000000,-17.000000,-23.000000,-24.000000,-35.000000,-25.000000,-29.000000,-30.000000,-23.000000
178,-151.000000,-27.000000,-33.000000,-21.000000,-23.000000,-153.000000,-29.000000,-19.000000,-21.000000,-25.000000
179,-31.000000,-38.000000,-25.000000,-28.000000,-27.000000,-19.000000,-31.000000,-21.000000,-23.000000,-45.000000
180,-22.000000,-30.000000,-25.000000,-31.000000,-142.000000,-26.000000,-21.000000,-19.000000,-35.000000,-24.000000
181,-21.000000,-145.000000,-35.000000,-138.000000,-34.000000,-21.000000,-30.000000,-38.000000,-26.000000,-27.000000
182,-25.000000,-23.000000,-27.000000,-124.000000,-23.000000,-25.000000,-23.000000,-240.000000,-19.000000,-25.000000
183,-18.000000,-33.000000,-21.000000,-148.000000,-29.000000,-25.000000,-32.000000,-25.000000,-23.000000,-21.000000
184,-41.000000,-43.000000,-128.000000,-17.000000,-20.000000,-21.000000,-23.000000,-21.000000,-25.000000,-23.000000
185,-21.000000,-36.000000,-36.000000,-47.000000,-23.000000,-134.000000,-29.000000,-51.000000,-24.000000,-21.000000
186,-23.000000,-49.000000,-18.000000,-27.000000,-33.000000,-22.000000,-132.000000,-19.000000,-25.000000,-22.000000
187,-21.000000,-19.000000,-23.000000,-24.000000,-23.000000,-126.000000,-23.000000,-38.000000,-28.000000,-29.000000
188,-29.000000,-44.000000,-15.000000,-26.000000,-27.000000,-29.000000,-23.000000,-68.000000,-26.000000,-25.000000
189,-21.000000,-19.000000,-35.000000,-35.000000,-21.000000,-23.000000,-20.000000,-35.000000,-25.000000,-128.000000
190,-30.000000,-21.000000,-26.000000,-19.000000,-23.000000,-27.000000,-33.000000,-37.000000,-20.000000,-31.000000
191,-22.000000,-25.000000,-17.000000,-23.000000,-122.000000,-27.000000,-124.000000,-21.000000,-28.000000,-17.000000
192,-30.000000,-21.000000,-27.000000,-28.000000,-21.000000,-22.000000,-146.000000,-35.000000,-21.000000,-27.000000
193,-15.000000,-19.000000,-24.000000,-24.000000,-17.000000,-33.000000,-22.000000,-35.000000,-33.000000,-29.000000
194,-19.000000,-25.000000,-28.000000,-21.000000,-29.000000,-23.000000,-27.000000,-23.000000,-26.000000,-25.000000
195,-30.000000,-15.000000,-25.000000,-23.000000,-30.000000,-31.000000,-27.000000,-27.000000,-35.000000,-21.000000
196,-17.000000,-20.000000,-28.000000,-19.000000,-25.000000,-27.000000,-22.000000,-28.000000,-19.000000,-21.000000
197,-21.000000,-21.000000,-25.000000,-17.000000,-23.000000,-23.000000,-21.000000,-36.000000,-37.000000,-21.000000
198,-21.000000,-35.000000,-17.000000,-27.000000,-27.000000,-25.000000,-21.000000,-30.000000,-19.000000,-21.000000
199,-37.000000,-21.000000,-19.000000,-15.000000,-22.000000,-35.000000,-22.000000,-28.000000,-24.000000,-19.000000
200,-15.000000,-43.000000,-25.000000,-21.000000,-115.000000,-46.000000,-31.000000,-157.000000,-25.000000,-29.000000
201,-26.000000,-22.000000,-31.000000,-121.000000,-30.000000,-17.000000,-34.000000,-27.000000,-119.000000,-21.000000
202,-22.000000,-17.000000,-24.000000,-23.000000,-119.000000,-24.000000,-32.000000,-33.000000,-19.000000,-22.000000
203,-27.000000,-25.000000,-24.000000,-22.000000,-29.000000,-27.000000,-29.000000,-17.000000,-17.000000,-27.000000
204,-22.000000,-34.000000,-19.000000,-21.000000,-24.000000,-24.000000,-17.000000,-15.000000,-19.000000,-25.000000
205,-27.000000,-25.000000,-121.000000,-19.000000,-17.000000,-31.000000,-18.000000,-163.000000,-25.000000,-22.000000
206,-21.000000,-17.000000,-27.000000,-19.000000,-17.000000,-25.000000,-19.000000,-23.000000,-25.000000,-25.000000
207,-19.000000,-33.000000,-23.000000,-21.000000,-29.000000,-28.000000,-24.000000,-125.000000,-19.000000,-125.000000
208,-32.000000,-21.000000,-29.000000,-229.000000,-22.000000,-122.000000,-17.000000,-30.000000,-18.000000,-22.000000
209,-24.000000,-23.000000,-25.000000,-23.000000,-20.000000,-23.000000,-25.000000,-19.000000,-245.000000,-117.000000
210,-25.000000,-41.000000,-23.000000,-26.000000,-40.000000,-31.000000,-31.000000,-33.000000,-18.000000,-23.000000
211,-32.000000,-28.000000,-27.000000,-23.000000,-20.000000,-23.000000,-26.000000,-19.000000,-31.000000,-19.000000
212,-25.000000,-29.000000,-39.000000,-17.000000,-25.000000,-26.000000,-19.000000,-25.000000,-23.000000,-29.000000
213,-122.000000,-23.000000,-27.000000,-20.000000,-19.000000,-23.000000,-17.000000,-24.000000,-18.000000,-25.000000
214,-45.000000,-19.000000,-33.000000,-23.000000,-21.000000,-26.000000,-27.000000,-26.000000,-21.000000,-23.000000
215,-44.000000,-119.000000,-21.000000,-21.000000,-36.000000,-26.000000,-23.000000,-26.000000,-21.000000,-23.000000
216,-21.000000,-27.000000,-17.000000,-17.000000,-140.000000,-37.000000,-17.000000,-19.000000,-133.000000,-21.000000
217,-36.000000,-29.000000,-43.000000,-21.000000,-21.000000,-21.000000,-17.000000,-15.000000,-24.000000,-21.000000
218,-25.000000,-19.000000,-23.000000,-21.000000,-122.000000,-21.000000,-33.000000,-21.000000,-15.000000,-19.000000
219,-32.000000,-21.000000,-31.000000,-129.000000,-19.000000,-25.000000,-30.000000,-20.000000,-21.000000,-35.000000
220,-18.000000,-26.000000,-23.000000,-19.000000,-23.000000,-21.000000,-22.000000,-119.000000,-19.000000,-27.000000
221,-31.000000,-19.000000,-25.000000,-20.000000,-19.000000,-27.000000,-37.000000,-134.000000,-20.000000,-21.000000
222,-21.000000,-19.000000,-34.000000,-18.000000,-28.000000,-27.000000,-32.000000,-23.000000,-23.000000,-37.000000
223,-31.000000,-125.000000,-37.000000,-24.000000,-131.000000,-21.000000,-130.000000,-25.000000,-19.000000,-22.000000
224,-34.000000,-19.000000,-17.000000,-121.000000,-17.000000,-27.000000,-29.000000,-21.000000,-25.000000,-33.000000
225,-37.000000,-28.000000,-33.000000,-25.000000,-133.000000,-35.000000,-23.000000,-21.000000,-30.000000,-20.000000
226,-22.000000,-21.000000,-25.000000,-41.000000,-29.000000,-26.000000,-33.000000,-136.000000,-120.000000,-17.000000
227,-21.000000,-25.000000,-23.000000,-19.000000,-29.000000,-25.000000,-131.000000,-27.000000,-27.000000,-25.000000
228,-24.000000,-28.000000,-24.000000,-29.000000,-20.000000,-23.000000,-15.000000,-23.000000,-23.000000,-24.000000
229,-31.000000,-25.000000,-20.000000,-19.000000,-22.000000,-27.000000,-21.000000,-15.000000,-19.000000,-23.000000
230,-26.000000,-34.000000,-23.000000,-33.000000,-19.000000,-31.000000,-34.000000,-19.000000,-28.000000,-25.000000
231,-27.000000,-21.000000,-25.000000,-15.000000,-15.000000,-19.000000,-23.000000,-19.000000,-33.000000,-21.000000
232,-20.000000,-23.000000,-21.000000,-152.000000,-26.000000,-17.000000,-30.000000,-21.000000,-22.000000,-21.000000
233,-40.000000,-22.000000,-122.000000,-23.000000,-30.000000,-28.000000,-23.000000,-17.000000,-19.000000,-17.000000
234,-21.000000,-19.000000,-17.000000,-23.000000,-144.000000,-24.000000,-21.000000,-19.000000,-30.000000,-15.000000
235,-22.000000,-23.000000,-124.000000,-67.000000,-20.000000,-17.000000,-20.000000,-15.000000,-19.000000,-24.000000
236,-26.000000,-15.000000,-17.000000,-25.000000,-27.000000,-16.000000,-21.000000,-19.000000,-22.000000,-19.000000
237,-25.000000,-19.000000,-117.000000,-21.000000,-23.000000,-17.000000,-25.000000,-17.000000,-20.000000,-28.000000
238,-25.000000,-17.000000,-15.000000,-20.000000,-27.000000,-25.000000,-31.000000,-23.000000,-23.000000,-21.000000
239,-21.000000,-17.000000,-17.000000,-132.000000,-33.000000,-27.000000,-25.000000,-26.000000,-129.000000,-19.000000
240,-19.000000,-15.000000,-21.000000,-19.000000,-26.000000,-139.000000,-147.000000,-30.000000,-23.000000,-21.000000
241,-29.000000,-25.000000,-17.000000,-37.000000,-26.000000,-15.000000,-20.000000,-22.000000,-21.000000,-21.000000
242,-21.000000,-20.000000,-29.000000,-123.000000,-28.000000,-143.000000,-31.000000,-21.000000,-21.000000,-27.000000
243,-27.000000,-24.000000,-135.000000,-145.000000,-17.000000,-25.000000,-21.000000,-21.000000,-25.000000,-21.000000
244,-26.000000,-21.000000,-15.000000,-27.000000,-29.000000,-19.000000,-21.000000,-23.000000,-26.000000,-19.000000
245,-23.000000,-23.000000,-20.000000,-29.000000,-25.000000,-24.000000,-17.000000,-21.000000,-127.000000,-25.000000
246,-27.000000,-19.000000,-15.000000,-26.000000,-21.000000,-35.000000,-31.000000,-36.000000,-27.000000,-25.000000
247,-27.000000,-23.000000,-21.000000,-29.000000,-19.000000,-20.000000,-24.000000,-23.000000,-22.000000,-27.000000
248,-17.000000,-21.000000,-17.000000,-23.000000,-25.000000,-31.000000,-23.000000,-24.000000,-22.000000,-19.000000
249,-24.000000,-15.000000,-22.000000,-22.000000,-23.000000,-19.000000,-23.000000,-17.000000,-19.000000,-26.000000
250,-19.000000,-15.000000,-15.000000,-123.000000,-19.000000,-19.000000,-20.000000,-23.000000,-29.000000,-23.000000
251,-17.000000,-19.000000,-21.000000,-22.000000,-29.000000,-15.000000,-23.000000,-34.000000,-19.000000,-21.000000
252,-17.000000,-18.000000,-20.000000,-21.000000,-17.000000,-17.000000,-24.000000,-25.000000,-22.000000,-23.000000
253,-17.000000,-21.000000,-19.000000,-25.000000,-19.000000,-25.000000,-39.000000,-23.000000,-28.000000,-21.000000
254,-17.000000,-17.000000,-16.000000,-155.000000,-29.000000,-21.000000,-29.000000,-19.000000,-24.000000,-29.000000
255,-19.000000,-22.000000,-17.000000,-23.000000,-20.000000,-24.000000,-21.000000,-24.000000,-18.000000,-22.000000
256,-19.000000,-19.000000,-17.000000,-25.000000,-22.000000,-18.000000,-25.000000,-20.000000,-21.000000,-17.000000
257,-19.000000,-15.000000,-15.000000,-41.000000,-26.000000,-19.000000,-21.000000,-119.000000,-17.000000,-20.000000
258,-21.000000,-23.000000,-17.000000,-21.000000,-25.000000,-17.000000,-19.000000,-26.000000,-18.000000,-26.000000
259,-21.000000,-19.000000,-30.000000,-25.000000,-21.000000,-23.000000,-21.000000,-21.000000,-17.000000,-19.000000
260,-25.000000,-15.000000,-20.000000,-23.000000,-29.000000,-17.000000,-27.000000,-29.000000,-15.000000,-27.000000
261,-15.000000,-15.000000,-19.000000,-17.000000,-29.000000,-23.000000,-27.000000,-25.000000,-22.000000,-25.000000
262,-18.000000,-17.000000,-25.000000,-20.000000,-20.000000,-27.000000,-29.000000,-25.000000,-21.000000,-22.000000
263,-17.000000,-25.000000,-121.000000,-21.000000,-21.000000,-25.000000,-17.000000,-17.000000,-17.000000,-17.000000
264,-217.000000,-124.000000,-15.000000,-17.000000,-19.000000,-27.000000,-19.000000,-31.000000,-18.000000,-27.000000
265,-19.000000,-26.000000,-17.000000,-19.000000,-17.000000,-19.000000,-32.000000,-30.000000,-21.000000,-16.000000
266,-23.000000,-15.000000,-17.000000,-19.000000,-24.000000,-21.000000,-22.000000,-29.000000,-27.000000,-22.000000
267,-17.000000,-19.000000,-67.000000,-19.000000,-21.000000,-18.000000,-23.000000,-24.000000,-19.000000,-17.000000
268,-20.000000,-19.000000,-17.000000,-23.000000,-23.000000,-22.000000,-21.000000,-19.000000,-21.000000,-21.000000
269,-29.000000,-19.000000,-21.000000,-17.000000,-23.000000,-15.000000,-28.000000,-19.000000,-17.000000,-21.000000
270,-17.000000,-20.000000,-19.000000,-28.000000,-25.000000,-19.000000,-25.000000,-26.000000,-23.000000,-21.000000
271,-25.000000,-19.000000,-23.000000,-19.000000,-21.000000,-15.000000,-31.000000,-20.000000,-21.000000,-130.000000
272,-15.000000,-32.000000,-21.000000,-23.000000,-17.000000,-16.000000,-24.000000,-18.000000,-21.000000,-32.000000
273,-33.000000,-24.000000,-29.000000,-21.000000,-17.000000,-15.000000,-19.000000,-19.000000,-26.000000,-24.000000
274,-15.000000,-23.000000,-35.000000,-28.000000,-17.000000,-18.000000,-23.000000,-33.000000,-20.000000,-17.000000
275,-29.000000,-16.000000,-28.000000,-23.000000,-21.000000,-19.000000,-15.000000,-26.000000,-17.000000,-21.000000
276,-19.000000,-23.000000,-25.000000,-25.000000,-23.000000,-17.000000,-19.000000,-21.000000,-21.000000,-17.000000
277,-19.000000,-17.000000,-23.000000,-21.000000,-15.000000,-17.000000,-17.000000,-127.000000,-19.000000,-18.000000
278,-20.000000,-27.000000,-17.000000,-17.000000,-21.000000,-20.000000,-25.000000,-25.000000,-19.000000,-26.000000
279,-15.000000,-25.000000,-23.000000,-21.000000,-23.000000,-17.000000,-27.000000,-26.000000,-26.000000,-27.000000
280,-22.000000,-17.000000,-31.000000,-17.000000,-122.000000,-17.000000,-36.000000,-19.000000,-21.000000,-15.000000
281,-15.000000,-19.000000,-22.000000,-15.000000,-17.000000,-21.000000,-20.000000,-22.000000,-20.000000,-15.000000
282,-20.000000,-27.000000,-28.000000,-17.000000,-26.000000,-17.000000,-17.000000,-129.000000,-17.000000,-19.000000
283,-19.000000,-23.000000,-21.000000,-15.000000,-21.000000,-17.000000,-19.000000,-21.000000,-23.000000,-19.000000
284,-19.000000,-17.000000,-23.000000,-21.000000,-18.000000,-21.000000,-21.000000,-19.000000,-22.000000,-19.000000
285,-19.000000,-26.000000,-22.000000,-16.000000,-21.000000,-21.000000,-17.000000,-23.000000,-19.000000,-15.000000
286,-15.000000,-20.000000,-40.000000,-21.000000,-19.000000,-28.000000,-21.000000,-24.000000,-23.000000,-26.000000
287,-23.000000,-21.000000,-22.000000,-119.000000,-17.000000,-27.000000,-19.000000,-29.000000,-17.000000,-19.000000
288,-15.000000,-19.000000,-29.000000,-19.000000,-17.000000,-21.000000,-23.000000,-25.000000,-23.000000,-17.000000
289,-15.000000,-18.000000,-19.000000,-19.000000,-19.000000,-15.000000,-23.000000,-24.000000,-20.000000,-17.000000
290,-17.000000,-20.000000,-19.000000,-15.000000,-19.000000,-19.000000,-23.000000,-21.000000,-17.000000,-19.000000
291,-17.000000,-19.000000,-25.000000,-19.000000,-17.000000,-19.000000,-36.000000,-17.000000,-20.000000,-17.000000
292,-21.000000,-23.000000,-21.000000,-21.000000,-15.000000,-19.000000,-17.000000,-21.000000,-21.000000,-15.000000
293,-17.000000,-19.000000,-138.000000,-17.000000,-15.000000,-232.000000,-21.000000,-17.000000,-17.000000,-29.000000
294,-17.000000,-23.000000,-23.000000,-17.000000,-19.000000,-21.000000,-23.000000,-28.000000,-17.000000,-21.000000
295,-20.000000,-17.000000,-26.000000,-21.000000,-17.000000,-19.000000,-32.000000,-17.000000,-15.000000,-19.000000
296,-23.000000,-19.000000,-22.000000,-32.000000,-21.000000,-20.000000,-23.000000,-18.000000,-19.000000,-22.000000
297,-19.000000,-20.000000,-21.000000,-22.000000,-17.000000,-18.000000,-22.000000,-31.000000,-19.000000,-17.000000
298,-17.000000,-19.000000,-20.000000,-17.000000,-21.000000,-27.000000,-17.000000,-19.000000,-27.000000,-17.000000
299,-29.000000,-26.000000,-24.000000,-15.000000,-29.000000,-19.000000,-24.000000,-21.000000,-17.000000,-15.000000
300,-21.000000,-24.000000,-18.000000,-17.000000,-22.000000,-20.000000,-21.000000,-23.000000,-17.000000,-17.000000
301,-17.000000,-19.000000,-21.000000,-15.000000,-25.000000,-23.000000,-27.000000,-31.000000,-18.000000,-19.000000
302,-35.000000,-19.000000,-15.000000,-15.000000,-27.000000,-28.000000,-23.000000,-22.000000,-23.000000,-15.000000
303,-17.000000,-17.000000,-17.000000,-17.000000,-22.000000,-19.000000,-17.000000,-20.000000,-17.000000,-21.000000
304,-27.000000,-22.000000,-19.000000,-23.000000,-27.000000,-24.000000,-25.000000,-18.000000,-20.000000,-15.000000
305,-21.000000,-20.000000,-19.000000,-21.000000,-17.000000,-27.000000,-17.000000,-17.000000,-18.000000,-15.000000
306,-15.000000,-219.000000,-17.000000,-17.000000,-24.000000,-19.000000,-122.000000,-25.000000,-21.000000,-15.000000
307,-15.000000,-17.000000,-17.000000,-15.000000,-21.000000,-23.000000,-21.000000,-18.000000,-29.000000,-15.000000
308,-19.000000,-21.000000,-19.000000,-23.000000,-17.000000,-21.000000,-28.000000,-21.000000,-235.000000,-15.000000
309,-125.000000,-21.000000,-25.000000,-19.000000,-20.000000,-15.000000,-27.000000,-23.000000,-27.000000,-23.000000
310,-21.000000,-18.000000,-15.000000,-121.000000,-21.000000,-15.000000,-19.000000,-20.000000,-17.000000,-22.000000
311,-18.000000,-19.000000,-15.000000,-22.000000,-21.000000,-20.000000,-29.000000,-24.000000,-17.000000,-15.000000
312,-21.000000,-20.000000,-17.000000,-125.000000,-21.000000,-17.000000,-19.000000,-23.000000,-19.000000,-15.000000
313,-21.000000,-21.000000,-17.000000,-17.000000,-118.000000,-16.000000,-19.000000,-20.000000,-15.000000,-15.000000
314,-17.000000,-20.000000,-20.000000,-17.000000,-30.000000,-17.000000,-17.000000,-20.000000,-23.000000,-15.000000
315,-15.000000,-18.000000,-17.000000,-19.000000,-17.000000,-17.000000,-22.000000,-22.000000,-15.000000,-120.000000
316,-18.000000,-15.000000,-24.000000,-17.000000,-20.000000,-15.000000,-24.000000,-17.000000,-23.000000,-17.000000
317,-19.000000,-17.000000,-17.000000,-27.000000,-25.000000,-17.000000,-17.000000,-17.000000,-17.000000,-17.000000
318,-15.000000,-16.000000,-23.000000,-17.000000,-23.000000,-19.000000,-27.000000,-18.000000,-17.000000,-17.000000
319,-19.000000,-19.000000,-19.000000,-20.000000,-18.000000,-119.000000,-20.000000,-23.000000,-15.000000,-17.000000
320,-15.000000,-15.000000,-17.000000,-15.000000,-26.000000,-15.000000,-21.000000,-20.000000,-17.000000,-19.000000
321,-21.000000,-21.000000,-21.000000,-15.000000,-25.000000,-23.000000,-33.000000,-21.000000,-25.000000,-15.000000
322,-21.000000,-21.000000,-15.000000,-19.000000,-21.000000,-15.000000,-24.000000,-25.000000,-17.000000,-17.000000
323,-27.000000,-17.000000,-19.000000,-19.000000,-22.000000,-19.000000,-21.000000,-19.000000,-15.000000,-22.000000
324,-21.000000,-15.000000,-19.000000,-28.000000,-19.000000,-29.000000,-17.000000,-27.000000,-16.000000,-19.000000
325,-19.000000,-17.000000,-19.000000,-29.000000,-23.000000,-18.000000,-22.000000,-18.000000,-17.000000,-19.000000
326,-17.000000,-15.000000,-18.000000,-17.000000,-23.000000,-21.000000,-19.000000,-17.000000,-21.000000,-24.000000
327,-19.000000,-23.000000,-21.000000,-21.000000,-17.000000,-16.000000,-28.000000,-22.000000,-15.000000,-24.000000
328,-19.000000,-18.000000,-17.000000,-19.000000,-25.000000,-21.000000,-21.000000,-19.000000,-21.000000,-33.000000
329,-17.000000,-19.000000,-17.000000,-20.000000,-20.000000,-21.000000,-25.000000,-138.000000,-15.000000,-19.000000
330,-21.000000,-21.000000,-21.000000,-21.000000,-23.000000,-17.000000,-17.000000,-26.000000,-19.000000,-23.000000
331,-20.000000,-15.000000,-21.000000,-20.000000,-19.000000,-15.000000,-26.000000,-19.000000,-15.000000,-19.000000
332,-21.000000,-17.000000,-21.000000,-17.000000,-25.000000,-19.000000,-19.000000,-21.000000,-19.000000,-26.000000
333,-21.000000,-21.000000,-19.000000,-24.000000,-30.000000,-16.000000,-18.000000,-29.000000,-17.000000,-21.000000
334,-17.000000,-17.000000,-25.000000,-21.000000,-26.000000,-20.000000,-19.000000,-17.000000,-16.000000,-19.000000
335,-21.000000,-17.000000,-24.000000,-24.000000,-24.000000,-15.000000,-19.000000,-24.000000,-19.000000,-17.000000
336,-33.000000,-19.000000,-17.000000,-17.000000,-21.000000,-19.000000,-21.000000,-19.000000,-15.000000,-21.000000
337,-19.000000,-19.000000,-20.000000,-19.000000,-20.000000,-20.000000,-17.000000,-18.000000,-18.000000,-21.000000
338,-15.000000,-17.000000,-17.000000,-17.000000,-23.000000,-15.000000,-130.000000,-128.000000,-15.000000,-26.000000
339,-21.000000,-23.000000,-19.000000,-25.000000,-21.000000,-23.000000,-15.000000,-25.000000,-17.000000,-19.000000
340,-127.000000,-22.000000,-17.000000,-17.000000,-22.000000,-23.000000,-21.000000,-19.000000,-17.000000,-19.000000
341,-26.000000,-25.000000,-142.000000,-24.000000,-23.000000,-115.000000,-133.000000,-23.000000,-17.000000,-17.000000
342,-26.000000,-22.000000,-18.000000,-17.000000,-18.000000,-20.000000,-25.000000,-20.000000,-19.000000,-15.000000
343,-23.000000,-17.000000,-19.000000,-23.000000,-22.000000,-17.000000,-19.000000,-21.000000,-15.000000,-17.000000
344,-132.000000,-21.000000,-17.000000,-24.000000,-21.000000,-20.000000,-17.000000,-21.000000,-17.000000,-19.000000
345,-17.000000,-20.000000,-25.000000,-19.000000,-21.000000,-19.000000,-17.000000,-19.000000,-21.000000,-21.000000
346,-25.000000,-21.000000,-26.000000,-24.000000,-19.000000,-20.000000,-20.000000,-18.000000,-17.000000,-17.000000
347,-239.000000,-119.000000,-17.000000,-17.000000,-20.000000,-17.000000,-17.000000,-17.000000,-18.000000,-15.000000
348,-21.000000,-21.000000,-21.000000,-19.000000,-115.000000,-15.000000,-23.000000,-25.000000,-17.000000,-18.000000
349,-24.000000,-19.000000,-120.000000,-17.000000,-20.000000,-17.000000,-18.000000,-19.000000,-26.000000,-17.000000
350,-19.000000,-23.000000,-17.000000,-19.000000,-15.000000,-15.000000,-21.000000,-126.000000,-15.000000,-20.000000
351,-21.000000,-19.000000,-19.000000,-21.000000,-15.000000,-17.000000,-23.000000,-21.000000,-19.000000,-15.000000
352,-19.000000,-17.000000,-17.000000,-21.000000,-19.000000,-16.000000,-17.000000,-21.000000,-19.000000,-23.000000
353,-21.000000,-17.000000,-17.000000,-20.000000,-20.000000,-22.000000,-19.000000,-17.000000,-21.000000,-15.000000
354,-17.000000,-19.000000,-23.000000,-20.000000,-22.000000,-132.000000,-24.000000,-20.000000,-17.000000,-19.000000
355,-23.000000,-21.000000,-19.000000,-21.000000,-21.000000,-17.000000,-22.000000,-18.000000,-24.000000,-19.000000
356,-19.000000,-24.000000,-23.000000,-19.000000,-17.000000,-18.000000,-18.000000,-17.000000,-24.000000,-19.000000
357,-18.000000,-17.000000,-21.000000,-19.000000,-15.000000,-23.000000,-21.000000,-26.000000,-19.000000,-21.000000
358,-17.000000,-18.000000,-27.000000,-19.000000,-15.000000,-15.000000,-19.000000,-23.000000,-23.000000,-21.000000
359,-17.000000,-120.000000,-19.000000,-17.000000,-19.000000,-17.000000,-26.000000,-19.000000,-19.000000,-25.000000
360,-19.000000,-21.000000,-27.000000,-22.000000,-17.000000,-17.000000,-17.000000,-17.000000,-17.000000,-21.000000
361,-20.000000,-22.000000,-21.000000,-23.000000,-17.000000,-23.000000,-21.000000,-23.000000,-26.000000,-17.000000
362,-21.000000,-19.000000,-17.000000,-17.000000,-17.000000,-21.000000,-21.000000,-22.000000,-18.000000,-19.000000
363,-15.000000,-20.000000,-29.000000,-18.000000,-17.000000,-21.000000,-26.000000,-25.000000,-20.000000,-27.000000
364,-23.000000,-120.000000,-19.000000,-21.000000,-26.000000,-20.000000,-19.000000,-18.000000,-17.000000,-17.000000
365,-17.000000,-19.000000,-121.000000,-20.000000,-17.000000,-17.000000,-19.000000,-21.000000,-19.000000,-18.000000
366,-17.000000,-24.000000,-21.000000,-25.000000,-17.000000,-115.000000,-19.000000,-19.000000,-17.000000,-17.000000
367,-16.000000,-20.000000,-17.000000,-119.000000,-15.000000,-117.000000,-21.000000,-20.000000,-21.000000,-20.000000
368,-19.000000,-23.000000,-17.000000,-21.000000,-21.000000,-22.000000,-19.000000,-17.000000,-20.000000,-17.000000
369,-19.000000,-21.000000,-17.000000,-31.000000,-17.000000,-17.000000,-19.000000,-19.000000,-21.000000,-23.000000
370,-15.000000,-19.000000,-17.000000,-21.000000,-20.000000,-15.000000,-19.000000,-17.000000,-17.000000,-15.000000
371,-17.000000,-20.000000,-22.000000,-17.000000,-17.000000,-17.000000,-23.000000,-18.000000,-30.000000,-23.000000
372,-23.000000,-22.000000,-25.000000,-21.000000,-17.000000,-17.000000,-20.000000,-18.000000,-20.000000,-17.000000
373,-15.000000,-18.000000,-18.000000,-23.000000,-15.000000,-17.000000,-27.000000,-19.000000,-18.000000,-15.000000
374,-115.000000,-17.000000,-134.000000,-17.000000,-17.000000,-15.000000,-20.000000,-25.000000,-17.000000,-19.000000
375,-19.000000,-20.000000,-19.000000,-19.000000,-115.000000,-21.000000,-19.000000,-19.000000,-16.000000,-17.000000
376,-15.000000,-19.000000,-17.000000,-23.000000,-15.000000,-15.000000,-122.000000,-19.000000,-17.000000,-17.000000
377,-15.000000,-18.000000,-19.000000,-19.000000,-15.000000,-16.000000,-17.000000,-27.000000,-117.000000,-19.000000
378,-15.000000,-19.000000,-17.000000,-21.000000,-15.000000,-17.000000,-19.000000,-24.000000,-18.000000,-17.000000
379,-15.000000,-17.000000,-21.000000,-19.000000,-15.000000,-19.000000,-19.000000,-17.000000,-23.000000,-21.000000
380,-17.000000,-23.000000,-21.000000,-17.000000,-15.000000,-17.000000,-119.000000,-17.000000,-17.000000,-17.000000
381,-17.000000,-20.000000,-21.000000,-19.000000,-15.000000,-17.000000,-18.000000,-17.000000,-15.000000,-15.000000
382,-25.000000,-17.000000,-18.000000,-21.000000,-17.000000,-18.000000,-23.000000,-18.000000,-15.000000,-17.000000
383,-15.000000,-19.000000,-17.000000,-25.000000,-15.000000,-18.000000,-18.000000,-21.000000,-15.000000,-17.000000
384,-21.000000,-17.000000,-25.000000,-15.000000,-17.000000,-17.000000,-17.000000,-17.000000,-19.000000,-21.000000
385,-23.000000,-17.000000,-17.000000,-23.000000,-17.000000,-17.000000,-20.000000,-22.000000,-15.000000,-17.000000
386,-19.000000,-22.000000,-21.000000,-21.000000,-17.000000,-23.000000,-17.000000,-19.000000,-17.000000,-15.000000
387,-15.000000,-19.000000,-21.000000,-19.000000,-16.000000,-18.000000,-17.000000,-19.000000,-23.000000,-17.000000
388,-15.000000,-19.000000,-17.000000,-19.000000,-15.000000,-15.000000,-17.000000,-21.000000,-15.000000,-19.000000
389,-16.000000,-17.000000,-19.000000,-21.000000,-21.000000,-17.000000,-17.000000,-17.000000,-17.000000,-17.000000
390,-15.000000,-19.000000,-22.000000,-19.000000,-18.000000,-15.000000,-17.000000,-17.000000,-17.000000,-19.000000
391,-17.000000,-17.000000,-19.000000,-17.000000,-19.000000,-22.000000,-17.000000,-23.000000,-19.000000,-17.000000
392,-17.000000,-20.000000,-21.000000,-17.000000,-19.000000,-15.000000,-17.000000,-17.000000,-15.000000,-17.000000
393,-21.000000,-20.000000,-21.000000,-22.000000,-15.000000,-15.000000,-19.000000,-19.000000,-17.000000,-15.000000
394,-15.000000,-19.000000,-29.000000,-29.000000,-20.000000,-17.000000,-17.000000,-21.000000,-21.000000,-17.000000
395,-17.000000,-21.000000,-18.000000,-18.000000,-19.000000,-19.000000,-19.000000,-131.000000,-16.000000,-15.000000
396,-19.000000,-17.000000,-22.000000,-19.000000,-20.000000,-23.000000,-24.000000,-19.000000,-17.000000,-17.000000
397,-21.000000,-21.000000,-23.000000,-21.000000,-21.000000,-21.000000,-17.000000,-19.000000,-15.000000,-15.000000
398,-25.000000,-17.000000,-21.000000,-23.000000,-17.000000,-17.000000,-20.000000,-19.000000,-19.000000,-15.000000
399,-18.000000,-119.000000,-17.000000,-25.000000,-23.000000,-15.000000,-21.000000,-119.000000,-17.000000,-19.000000
400,-19.000000,-20.000000,-18.000000,-45.000000,-17.000000,-17.000000,-22.000000,-17.000000,-17.000000,-119.000000
401,-15.000000,-17.000000,-17.000000,-21.000000,-19.000000,-15.000000,-21.000000,-19.000000,-15.000000,-15.000000
402,-15.000000,-24.000000,-24.000000,-130.000000,-17.000000,-17.000000,-17.000000,-17.000000,-21.000000,-19.000000
403,-22.000000,-21.000000,-127.000000,-18.000000,-19.000000,-15.000000,-21.000000,-19.000000,-21.000000,-16.000000
404,-17.000000,-19.000000,-17.000000,-17.000000,-18.000000,-19.000000,-17.000000,-20.000000,-17.000000,-19.000000
405,-23.000000,-22.000000,-22.000000,-21.000000,-15.000000,-28.000000,-19.000000,-18.000000,-119.000000,-15.000000
406,-16.000000,-17.000000,-215.000000,-24.000000,-17.000000,-19.000000,-17.000000,-17.000000,-15.000000,-15.000000
407,-17.000000,-123.000000,-19.000000,-17.000000,-17.000000,-19.000000,-20.000000,-20.000000,-117.000000,-15.000000
408,-19.000000,-15.000000,-19.000000,-17.000000,-20.000000,-17.000000,-21.000000,-20.000000,-17.000000,-15.000000
409,-17.000000,-17.000000,-17.000000,-17.000000,-17.000000,-15.000000,-18.000000,-18.000000,-21.000000,-17.000000
410,-23.000000,-21.000000,-17.000000,-19.000000,-15.000000,-15.000000,-19.000000,-18.000000,-17.000000,-130.000000
411,-21.000000,-17.000000,-21.000000,-19.000000,-15.000000,-19.000000,-18.000000,-20.000000,-17.000000,-15.000000
412,-18.000000,-29.000000,-17.000000,-17.000000,-22.000000,-15.000000,-17.000000,-17.000000,-15.000000,-25.000000
413,-17.000000,-17.000000,-20.000000,-26.000000,-19.000000,-15.000000,-20.000000,-26.000000,-15.000000,-24.000000
414,-15.000000,-19.000000,-17.000000,-17.000000,-17.000000,-18.000000,-23.000000,-19.000000,-15.000000,-17.000000
415,-17.000000,-19.000000,-27.000000,-19.000000,-15.000000,-16.000000,-17.000000,-19.000000,-21.000000,-17.000000
416,-15.000000,-120.000000,-15.000000,-23.000000,-18.000000,-19.000000,-17.000000,-25.000000,-15.000000,-15.000000
417,-19.000000,-17.000000,-15.000000,-20.000000,-22.000000,-19.000000,-22.000000,-17.000000,-15.000000,-19.000000
418,-19.000000,-24.000000,-19.000000,-18.000000,-15.000000,-15.000000,-19.000000,-17.000000,-15.000000,-15.000000
419,-23.000000,-18.000000,-15.000000,-21.000000,-15.000000,-19.000000,-17.000000,-18.000000,-21.000000,-15.000000
420,-15.000000,-19.000000,-15.000000,-21.000000,-19.000000,-115.000000,-22.000000,-17.000000,-15.000000,-21.000000
421,-19.000000,-18.000000,-15.000000,-29.000000,-21.000000,-20.000000,-20.000000,-17.000000,-15.000000,-15.000000
422,-17.000000,-17.000000,-15.000000,-19.000000,-15.000000,-15.000000,-18.000000,-22.000000,-115.000000,-19.000000
423,-19.000000,-22.000000,-19.000000,-17.000000,-17.000000,-16.000000,-19.000000,-19.000000,-18.000000,-23.000000
424,-19.000000,-19.000000,-19.000000,-29.000000,-17.000000,-17.000000,-21.000000,-18.000000,-17.000000,-19.000000
425,-119.000000,-18.000000,-15.000000,-17.000000,-15.000000,-17.000000,-20.000000,-17.000000,-115.000000,-19.000000
426,-19.000000,-18.000000,-17.000000,-17.000000,-16.000000,-19.000000,-17.000000,-23.000000,-15.000000,-15.000000
427,-23.000000,-17.000000,-140.000000,-17.000000,-23.000000,-19.000000,-19.000000,-32.000000,-22.000000,-15.000000
428,-15.000000,-22.000000,-17.000000,-17.000000,-16.000000,-15.000000,-18.000000,-118.000000,-15.000000,-19.000000
429,-17.000000,-20.000000,-16.000000,-17.000000,-18.000000,-16.000000,-26.000000,-17.000000,-15.000000,-18.000000
430,-17.000000,-18.000000,-15.000000,-18.000000,-15.000000,-15.000000,-17.000000,-21.000000,-17.000000,-17.000000
431,-17.000000,-17.000000,-17.000000,-20.000000,-17.000000,-19.000000,-20.000000,-20.000000,-21.000000,-17.000000
432,-15.000000,-17.000000,-19.000000,-17.000000,-17.000000,-16.000000,-21.000000,-19.000000,-29.000000,-18.000000
433,-21.000000,-17.000000,-15.000000,-20.000000,-15.000000,-115.000000,-17.000000,-18.000000,-15.000000,-17.000000
434,-17.000000,-20.000000,-15.000000,-26.000000,-15.000000,-15.000000,-19.000000,-27.000000,-15.000000,-18.000000
435,-19.000000,-17.000000,-15.000000,-19.000000,-20.000000,-18.000000,-25.000000,-19.000000,-22.000000,-21.000000
436,-17.000000,-18.000000,-17.000000,-19.000000,-15.000000,-21.000000,-20.000000,-19.000000,-19.000000,-15.000000
437,-15.000000,-18.000000,-17.000000,-18.000000,-18.000000,-17.000000,-19.000000,-117.000000,-18.000000,-17.000000
438,-17.000000,-23.000000,-15.000000,-15.000000,-21.000000,-15.000000,-18.000000,-18.000000,-19.000000,-15.000000
439,-17.000000,-17.000000,-115.000000,-17.000000,-19.000000,-20.000000,-19.000000,-21.000000,-118.000000,-15.000000
440,-18.000000,-17.000000,-15.000000,-19.000000,-15.000000,-19.000000,-17.000000,-19.000000,-24.000000,-19.000000
441,-17.000000,-17.000000,-17.000000,-117.000000,-21.000000,-17.000000,-17.000000,-17.000000,-19.000000,-15.000000
442,-17.000000,-20.000000,-15.000000,-17.000000,-15.000000,-22.000000,-20.000000,-19.000000,-19.000000,-17.000000
443,-17.000000,-18.000000,-17.000000,-24.000000,-18.000000,-17.000000,-18.000000,-19.000000,-17.000000,-15.000000
444,-15.000000,-17.000000,-117.000000,-15.000000,-17.000000,-17.000000,-19.000000,-17.000000,-21.000000,-23.000000
445,-15.000000,-18.000000,-17.000000,-17.000000,-17.000000,-16.000000,-17.000000,-19.000000,-23.000000,-18.000000
446,-16.000000,-21.000000,-18.000000,-16.000000,-15.000000,-17.000000,-21.000000,-134.000000,-18.000000,-18.000000
447,-15.000000,-19.000000,-24.000000,-15.000000,-17.000000,-19.000000,-18.000000,-21.000000,-19.000000,-17.000000
448,-15.000000,-17.000000,-19.000000,-19.000000,-15.000000,-21.000000,-19.000000,-19.000000,-23.000000,-15.000000
449,-16.000000,-138.000000,-17.000000,-15.000000,-19.000000,-15.000000,-19.000000,-26.000000,-119.000000,-25.000000
450,-15.000000,-19.000000,-19.000000,-19.000000,-18.000000,-17.000000,-20.000000,-19.000000,-17.000000,-20.000000
451,-17.000000,-17.000000,-19.000000,-15.000000,-17.000000,-15.000000,-22.000000,-28.000000,-19.000000,-20.000000
452,-18.000000,-18.000000,-22.000000,-15.000000,-17.000000,-19.000000,-23.000000,-21.000000,-15.000000,-27.000000
453,-17.000000,-19.000000,-17.000000,-18.000000,-26.000000,-15.000000,-19.000000,-22.000000,-19.000000,-17.000000
454,-15.000000,-19.000000,-15.000000,-15.000000,-21.000000,-19.000000,-19.000000,-20.000000,-16.000000,-15.000000
455,-19.000000,-21.000000,-18.000000,-17.000000,-20.000000,-15.000000,-19.000000,-19.000000,-15.000000,-122.000000
456,-17.000000,-19.000000,-19.000000,-15.000000,-17.000000,-15.000000,-19.000000,-18.000000,-15.000000,-15.000000
457,-19.000000,-19.000000,-27.000000,-15.000000,-17.000000,-16.000000,-21.000000,-136.000000,-115.000000,-19.000000
458,-20.000000,-19.000000,-21.000000,-19.000000,-19.000000,-15.000000,-21.000000,-17.000000,-18.000000,-17.000000
459,-17.000000,-20.000000,-17.000000,-15.000000,-15.000000,-17.000000,-23.000000,-17.000000,-17.000000,-17.000000
460,-17.000000,-19.000000,-18.000000,-15.000000,-15.000000,-15.000000,-18.000000,-17.000000,-17.000000,-21.000000
461,-23.000000,-17.000000,-16.000000,-16.000000,-15.000000,-16.000000,-18.000000,-20.000000,-15.000000,-128.000000
462,-15.000000,-19.000000,-22.000000,-17.000000,-15.000000,-15.000000,-17.000000,-19.000000,-19.000000,-20.000000
463,-15.000000,-17.000000,-15.000000,-115.000000,-17.000000,-17.000000,-17.000000,-17.000000,-17.000000,-15.000000
464,-15.000000,-19.000000,-17.000000,-17.000000,-18.000000,-17.000000,-21.000000,-17.000000,-17.000000,-15.000000
465,-17.000000,-18.000000,-15.000000,-15.000000,-16.000000,-19.000000,-117.000000,-17.000000,-19.000000,-17.000000
466,-18.000000,-19.000000,-15.000000,-17.000000,-15.000000,-15.000000,-29.000000,-118.000000,-15.000000,-21.000000
467,-18.000000,-17.000000,-15.000000,-17.000000,-15.000000,-15.000000,-17.000000,-23.000000,-19.000000,-16.000000
468,-17.000000,-18.000000,-20.000000,-15.000000,-20.000000,-15.000000,-20.000000,-19.000000,-17.000000,-19.000000
469,-21.000000,-17.000000,-21.000000,-15.000000,-17.000000,-26.000000,-18.000000,-22.000000,-17.000000,-15.000000
470,-15.000000,-17.000000,-16.000000,-18.000000,-21.000000,-15.000000,-22.000000,-20.000000,-21.000000,-15.000000
471,-19.000000,-19.000000,-21.000000,-17.000000,-17.000000,-22.000000,-21.000000,-17.000000,-30.000000,-18.000000
472,-15.000000,-19.000000,-18.000000,-15.000000,-17.000000,-15.000000,-17.000000,-18.000000,-15.000000,-22.000000
473,-15.000000,-19.000000,-18.000000,-17.000000,-21.000000,-17.000000,-20.000000,-21.000000,-17.000000,-23.000000
474,-17.000000,-17.000000,-15.000000,-128.000000,-19.000000,-17.000000,-18.000000,-19.000000,-19.000000,-15.000000
475,-15.000000,-17.000000,-19.000000,-18.000000,-21.000000,-19.000000,-17.000000,-19.000000,-19.000000,-15.000000
476,-19.000000,-19.000000,-16.000000,-15.000000,-22.000000,-15.000000,-20.000000,-19.000000,-19.000000,-17.000000
477,-16.000000,-17.000000,-129.000000,-19.000000,-15.000000,-128.000000,-21.000000,-23.000000,-19.000000,-20.000000
478,-15.000000,-17.000000,-21.000000,-15.000000,-15.000000,-18.000000,-17.000000,-17.000000,-15.000000,-19.000000
479,-19.000000,-17.000000,-18.000000,-15.000000,-19.000000,-29.000000,-21.000000,-124.000000,-17.000000,-19.000000
480,-15.000000,-19.000000,-22.000000,-16.000000,-15.000000,-29.000000,-19.000000,-17.000000,-15.000000,-17.000000
481,-21.000000,-17.000000,-20.000000,-15.000000,-17.000000,-21.000000,-20.000000,-17.000000,-16.000000,-15.000000
482,-19.000000,-17.000000,-19.000000,-17.000000,-17.000000,-23.000000,-17.000000,-19.000000,-121.000000,-15.000000
483,-17.000000,-17.000000,-17.000000,-15.000000,-19.000000,-18.000000,-17.000000,-20.000000,-19.000000,-18.000000
484,-15.000000,-20.000000,-18.000000,-19.000000,-17.000000,-23.000000,-17.000000,-17.000000,-15.000000,-17.000000
485,-15.000000,-17.000000,-23.000000,-17.000000,-15.000000,-19.000000,-17.000000,-17.000000,-24.000000,-17.000000
486,-19.000000,-17.000000,-17.000000,-18.000000,-19.000000,-15.000000,-18.000000,-24.000000,-19.000000,-18.000000
487,-17.000000,-17.000000,-21.000000,-15.000000,-15.000000,-19.000000,-17.000000,-19.000000,-15.000000,-17.000000
488,-21.000000,-19.000000,-17.000000,-15.000000,-17.000000,-15.000000,-18.000000,-19.000000,-17.000000,-119.000000
489,-15.000000,-19.000000,-22.000000,-15.000000,-17.000000,-21.000000,-18.000000,-17.000000,-15.000000,-17.000000
490,-15.000000,-119.000000,-25.000000,-17.000000,-15.000000,-19.000000,-17.000000,-19.000000,-15.000000,-15.000000
491,-19.000000,-19.000000,-16.000000,-17.000000,-15.000000,-130.000000,-17.000000,-25.000000,-19.000000,-17.000000
492,-18.000000,-20.000000,-17.000000,-19.000000,-15.000000,-15.000000,-20.000000,-18.000000,-21.000000,-17.000000
493,-19.000000,-20.000000,-19.000000,-17.000000,-17.000000,-19.000000,-18.000000,-18.000000,-120.000000,-15.000000
494,-16.000000,-17.000000,-17.000000,-17.000000,-15.000000,-24.000000,-17.000000,-19.000000,-23.000000,-22.000000
495,-17.000000,-19.000000,-17.000000,-15.000000,-15.000000,-17.000000,-25.000000,-17.000000,-21.000000,-15.000000
496,-19.000000,-17.000000,-15.000000,-15.000000,-15.000000,-22.000000,-17.000000,-18.000000,-132.000000,-18.000000
497,-15.000000,-20.000000,-18.000000,-19.000000,-18.000000,-23.000000,-17.000000,-17.000000,-17.000000,-17.000000
498,-17.000000,-19.000000,-19.000000,-15.000000,-15.000000,-19.000000,-17.000000,-117.000000,-19.000000,-16.000000
499,-19.000000,-19.000000,-21.000000,-20.000000,-15.000000,-19.000000,-20.000000,-15.000000,-15.000000,-17.000000
500,-17.000000,-17.000000,-17.000000,-119.000000,-19.000000,-19.000000,-20.000000,-17.000000,-15.000000,-15.000000
