episode,q_learning_mean_reward,q_learning_moving_average,q_learning_rolling_std,sarsa_mean_reward,sarsa_moving_average,sarsa_rolling_std
1,-2269.500000,-2269.500000,0.000000,-2287.500000,-2287.500000,0.000000
2,-684.700000,-1477.100000,792.400000,-519.600000,-1403.550000,883.950000
3,-430.100000,-1128.100000,828.024402,-484.300000,-1097.133333,860.161246
4,-514.900000,-974.800000,793.700527,-347.900000,-909.825000,821.512573
5,-586.700000,-897.180000,743.858325,-353.300000,-798.520000,774.935322
6,-304.300000,-798.366667,719.174654,-464.500000,-742.850000,723.122153
7,-365.400000,-736.514286,686.602111,-284.200000,-677.328571,692.130905
8,-145.500000,-662.637500,672.174210,-305.500000,-630.850000,660.564227
9,-452.800000,-639.322222,642.962704,-209.400000,-584.022222,638.507359
10,-203.800000,-595.770000,628.908050,-139.900000,-539.610000,620.579791
11,-308.000000,-399.620000,289.123525,-207.600000,-331.620000,218.431681
12,-248.700000,-356.020000,256.593200,-255.400000,-305.200000,199.126692
13,-160.000000,-329.010000,264.060899,-195.800000,-276.350000,172.888925
14,-249.800000,-302.500000,235.895871,-156.300000,-257.190000,168.422698
15,-200.900000,-263.920000,191.439116,-139.500000,-235.810000,163.053577
16,-140.700000,-247.560000,191.799585,-151.500000,-204.510000,126.274649
17,-153.600000,-226.380000,176.064040,-178.300000,-193.920000,123.552637
18,-200.400000,-231.870000,180.031641,-177.300000,-181.100000,116.239104
19,-333.300000,-219.920000,175.311773,-84.900000,-168.650000,112.887309
20,-168.100000,-216.350000,163.595917,-98.600000,-164.520000,113.152627
21,-95.100000,-195.060000,151.089666,-88.800000,-152.640000,103.664036
22,-119.400000,-182.130000,147.145896,-100.200000,-137.120000,87.327185
23,-162.400000,-182.370000,144.719140,-102.100000,-127.750000,84.113879
24,-112.700000,-168.660000,135.151387,-200.300000,-132.150000,90.284454
25,-134.700000,-162.040000,127.274217,-174.700000,-135.670000,92.579043
26,-140.000000,-161.970000,128.633993,-110.200000,-131.540000,88.299158
27,-133.500000,-159.960000,131.689328,-156.600000,-129.370000,86.052383
28,-199.700000,-159.890000,129.444778,-78.300000,-119.470000,81.913941
29,-122.500000,-138.810000,89.552311,-215.100000,-132.490000,100.452664
30,-221.400000,-144.140000,102.569172,-97.600000,-132.390000,101.623308
31,-117.600000,-146.390000,106.180241,-185.300000,-142.040000,111.928804
32,-143.700000,-148.820000,114.546989,-113.700000,-143.390000,110.812767
33,-130.200000,-145.600000,115.832222,-153.500000,-148.530000,110.108625
34,-86.100000,-142.940000,116.253044,-108.900000,-139.390000,102.249747
35,-160.200000,-145.490000,122.261033,-130.900000,-135.010000,103.390084
36,-97.000000,-141.190000,120.098249,-98.000000,-133.790000,99.783715
37,-87.100000,-136.550000,119.724606,-116.800000,-129.810000,95.920477
38,-119.800000,-128.560000,112.557253,-89.300000,-130.910000,95.854134
39,-108.500000,-127.160000,109.679294,-88.400000,-118.240000,82.389041
40,-125.000000,-117.520000,94.049503,-80.900000,-116.570000,82.845565
41,-72.900000,-113.050000,88.976224,-120.100000,-110.050000,74.636044
42,-75.600000,-106.240000,81.963490,-90.500000,-107.730000,74.673520
43,-143.300000,-107.550000,83.328768,-77.600000,-100.140000,71.980155
44,-103.100000,-109.250000,84.124722,-66.000000,-95.850000,65.628868
45,-90.800000,-102.310000,78.855945,-85.200000,-91.280000,62.133856
46,-94.500000,-102.060000,78.306414,-83.800000,-89.860000,61.449846
47,-98.000000,-103.150000,80.985513,-73.100000,-85.490000,56.638646
48,-107.200000,-101.890000,77.731883,-57.500000,-82.310000,53.344132
49,-110.300000,-102.070000,75.581136,-59.000000,-79.370000,51.627877
50,-104.800000,-100.050000,70.373384,-86.500000,-79.930000,54.670468
51,-114.900000,-104.250000,76.155819,-91.800000,-77.100000,48.794022
52,-98.900000,-106.580000,77.360645,-56.300000,-73.680000,48.344297
53,-72.600000,-99.510000,69.902260,-75.100000,-73.430000,47.080807
54,-104.500000,-99.650000,69.995417,-94.100000,-76.240000,49.457660
55,-84.500000,-99.020000,69.985835,-109.600000,-78.680000,54.388474
56,-136.200000,-103.190000,71.214652,-107.800000,-81.080000,59.860696
57,-81.400000,-101.530000,67.947587,-69.800000,-80.750000,62.177105
58,-70.200000,-97.830000,65.368835,-114.800000,-86.480000,65.831123
59,-190.700000,-105.870000,93.432554,-61.300000,-86.710000,67.326261
60,-100.500000,-105.440000,91.115212,-117.300000,-89.790000,70.792559
61,-117.900000,-105.740000,96.617210,-74.500000,-88.060000,68.886326
62,-49.700000,-100.820000,97.663222,-43.000000,-86.730000,69.359021
63,-87.100000,-102.270000,96.953117,-77.600000,-86.980000,68.360789
64,-61.600000,-97.980000,96.263185,-50.200000,-82.590000,66.366447
65,-123.400000,-101.870000,97.815254,-69.100000,-78.540000,60.368661
66,-83.200000,-96.570000,89.083726,-59.400000,-73.700000,55.627148
67,-126.900000,-101.120000,100.693478,-54.000000,-72.120000,51.769079
68,-107.200000,-104.820000,102.253206,-47.100000,-65.350000,45.489696
69,-55.800000,-91.330000,83.047921,-65.600000,-65.780000,47.817974
70,-98.800000,-91.160000,82.755072,-112.300000,-65.280000,42.274215
71,-66.700000,-86.040000,74.537794,-64.800000,-64.310000,41.171304
72,-76.800000,-88.750000,80.984726,-61.300000,-66.140000,41.828363
73,-68.600000,-86.900000,83.617408,-80.900000,-66.470000,42.923642
74,-74.400000,-88.180000,85.325819,-77.700000,-69.220000,45.073338
75,-72.000000,-83.040000,78.267542,-67.000000,-69.010000,44.140682
76,-87.200000,-83.440000,79.963680,-92.400000,-72.310000,52.868429
77,-80.100000,-78.760000,67.778887,-121.700000,-79.080000,62.515898
78,-44.500000,-72.490000,58.438372,-101.700000,-84.540000,71.049337
79,-135.200000,-80.430000,68.135992,-52.100000,-83.190000,71.516226
80,-103.200000,-80.870000,69.133515,-62.300000,-78.190000,66.364336
81,-64.000000,-80.600000,68.718769,-65.500000,-78.260000,65.471659
82,-93.600000,-82.280000,69.414868,-53.000000,-77.430000,65.810453
83,-72.500000,-82.670000,67.213066,-48.500000,-74.190000,61.714398
84,-97.500000,-84.980000,69.125161,-61.500000,-72.570000,65.128498
85,-79.600000,-85.740000,74.270796,-55.500000,-71.420000,65.323474
86,-74.300000,-84.450000,76.519347,-53.500000,-67.530000,55.585860
87,-129.300000,-89.370000,77.782385,-37.800000,-59.140000,45.850336
88,-49.200000,-89.840000,78.245613,-52.500000,-54.220000,36.444442
89,-58.600000,-82.180000,66.539524,-99.600000,-58.970000,42.144399
90,-81.400000,-80.000000,66.739211,-53.100000,-58.050000,40.746966
91,-85.800000,-82.180000,72.604635,-34.700000,-54.970000,39.351780
92,-68.100000,-79.630000,73.758240,-58.100000,-55.480000,39.788791
93,-96.200000,-82.000000,75.185052,-44.900000,-55.120000,38.154435
94,-52.200000,-77.470000,71.651350,-62.400000,-55.210000,41.642071
95,-32.100000,-72.720000,65.533922,-57.000000,-55.360000,42.067819
96,-76.000000,-72.890000,66.459611,-47.900000,-54.800000,43.485989
97,-49.200000,-64.880000,59.210119,-38.200000,-54.840000,43.565391
98,-73.500000,-67.310000,62.625603,-47.000000,-54.290000,41.351291
99,-51.800000,-66.630000,60.061089,-54.200000,-49.750000,31.298206
100,-67.500000,-65.240000,54.634553,-83.000000,-52.740000,34.551681
101,-87.000000,-65.360000,56.250043,-44.900000,-53.760000,34.868183
102,-60.300000,-64.580000,55.310696,-35.800000,-51.530000,34.757054
103,-70.100000,-61.970000,52.657028,-38.800000,-50.920000,34.541744
104,-83.600000,-65.110000,54.487084,-61.200000,-50.800000,35.201624
105,-48.600000,-66.760000,54.315673,-54.900000,-50.590000,35.453743
106,-53.900000,-64.550000,49.860434,-86.500000,-54.450000,44.729875
107,-70.800000,-66.710000,54.393683,-81.300000,-58.760000,49.681468
108,-84.600000,-67.820000,57.110941,-87.200000,-62.780000,58.249158
109,-54.900000,-68.130000,56.678916,-32.600000,-60.620000,56.583096
110,-47.500000,-66.130000,56.500820,-79.700000,-60.290000,54.393625
111,-78.600000,-65.290000,52.770248,-60.500000,-61.850000,57.497353
112,-53.000000,-64.560000,53.058102,-57.500000,-64.020000,57.608086
113,-61.900000,-63.740000,50.930802,-48.100000,-64.950000,58.572819
114,-83.600000,-63.740000,51.285605,-47.200000,-63.550000,57.864196
115,-41.900000,-63.070000,51.251109,-69.000000,-64.960000,57.711333
116,-90.200000,-66.700000,54.733585,-42.000000,-60.510000,52.347274
117,-30.000000,-62.620000,50.848390,-43.300000,-56.710000,44.641429
118,-29.300000,-57.090000,47.174264,-70.100000,-55.000000,39.317899
119,-44.400000,-56.040000,46.962723,-67.500000,-58.490000,41.453323
120,-101.000000,-61.390000,54.965669,-45.500000,-55.070000,36.371524
121,-29.100000,-56.440000,52.009479,-42.000000,-53.220000,35.714985
122,-54.700000,-56.610000,51.135801,-35.800000,-51.050000,32.271039
123,-29.200000,-53.340000,49.658456,-54.000000,-51.640000,32.820564
124,-77.000000,-52.680000,51.583391,-46.800000,-51.600000,32.344338
125,-63.900000,-54.880000,50.169438,-45.700000,-49.270000,28.179559
126,-57.400000,-51.600000,45.180840,-42.500000,-49.320000,28.919576
127,-47.500000,-53.350000,49.526539,-37.500000,-48.740000,27.764833
128,-41.500000,-54.570000,50.289358,-44.200000,-46.150000,26.343794
129,-39.000000,-54.030000,47.964942,-77.300000,-47.130000,31.423674
130,-52.500000,-49.180000,43.480209,-36.200000,-46.200000,30.428921
131,-83.100000,-54.580000,48.736964,-33.600000,-45.360000,30.224606
132,-99.000000,-59.010000,58.418375,-43.800000,-46.160000,32.829254
133,-67.100000,-62.800000,62.049621,-29.100000,-43.670000,28.926678
134,-70.500000,-62.150000,63.220776,-56.400000,-44.630000,29.490031
135,-62.900000,-62.050000,62.692264,-26.400000,-42.700000,27.995755
136,-35.900000,-59.900000,59.727484,-43.000000,-42.750000,30.418256
137,-39.800000,-59.130000,58.579666,-65.100000,-45.510000,37.049326
138,-44.200000,-59.400000,59.316923,-68.300000,-47.920000,38.308122
139,-50.500000,-60.550000,63.153101,-53.700000,-45.560000,36.101736
140,-27.700000,-58.070000,62.875759,-42.400000,-46.180000,37.334234
141,-48.200000,-54.580000,56.281735,-61.500000,-48.970000,42.706369
142,-86.000000,-53.280000,53.225536,-26.500000,-47.240000,41.738583
143,-81.300000,-54.700000,51.440349,-27.400000,-47.070000,41.764669
144,-59.200000,-53.570000,50.871761,-39.800000,-45.410000,39.072012
145,-50.400000,-52.320000,51.083470,-28.300000,-45.600000,39.203102
146,-62.700000,-55.000000,53.996014,-30.000000,-44.300000,38.178356
147,-74.800000,-58.500000,55.705664,-46.700000,-42.460000,34.472732
148,-36.500000,-57.730000,55.341570,-29.500000,-38.580000,30.008173
149,-62.500000,-58.930000,53.269211,-54.800000,-38.690000,28.354306
150,-31.600000,-59.320000,54.782349,-49.800000,-39.430000,30.224200
151,-45.400000,-59.040000,54.432605,-30.500000,-36.330000,24.100595
152,-62.100000,-56.650000,56.272805,-36.100000,-37.290000,26.606954
153,-46.200000,-53.140000,53.783950,-40.300000,-38.580000,27.578263
154,-40.400000,-51.260000,45.240224,-31.500000,-37.750000,25.308333
155,-41.600000,-50.380000,47.877330,-28.500000,-37.770000,24.728242
156,-48.000000,-48.910000,45.009583,-27.100000,-37.480000,24.593106
157,-45.200000,-45.950000,40.348470,-44.900000,-37.300000,22.858647
158,-79.500000,-50.250000,46.298898,-39.900000,-38.340000,25.942344
159,-78.000000,-51.800000,50.816826,-53.800000,-38.240000,26.012440
160,-60.100000,-54.650000,53.283431,-39.400000,-37.200000,24.011903
161,-52.400000,-55.350000,52.397902,-36.800000,-37.830000,26.042237
162,-71.700000,-56.310000,52.521872,-27.000000,-36.920000,25.342605
163,-47.300000,-56.420000,52.681492,-29.900000,-35.880000,24.742891
164,-47.500000,-57.130000,53.794564,-49.300000,-37.660000,27.906720
165,-36.600000,-56.630000,53.346478,-31.400000,-37.950000,27.920112
166,-81.200000,-59.950000,55.869149,-25.300000,-37.770000,28.084065
167,-67.200000,-62.150000,60.383668,-49.200000,-38.200000,28.956310
168,-69.700000,-61.170000,61.069854,-26.400000,-36.850000,26.021022
169,-43.700000,-57.740000,57.427121,-60.700000,-37.540000,30.986093
170,-57.200000,-57.450000,56.370361,-26.600000,-36.260000,29.863877
171,-92.400000,-61.450000,63.541068,-28.000000,-35.380000,27.127466
172,-36.600000,-57.940000,60.367462,-25.500000,-35.230000,26.995879
173,-22.000000,-55.410000,58.905937,-29.400000,-35.180000,27.186369
174,-121.500000,-62.810000,66.818315,-28.100000,-33.060000,21.641942
175,-68.200000,-65.970000,68.823375,-25.200000,-32.440000,21.619189
176,-45.200000,-62.370000,62.957341,-26.500000,-32.560000,21.793275
177,-24.200000,-58.070000,61.576439,-26.100000,-30.250000,15.924933
178,-67.100000,-57.810000,55.277218,-50.200000,-32.630000,22.310044
179,-54.300000,-58.870000,53.865281,-28.800000,-29.440000,12.833795
180,-25.500000,-55.700000,53.229475,-37.500000,-30.530000,15.510575
181,-36.100000,-50.070000,49.201370,-51.500000,-32.880000,21.482885
182,-45.300000,-50.940000,50.512560,-55.400000,-35.870000,28.128573
183,-41.000000,-52.840000,50.113207,-37.500000,-36.680000,28.874871
184,-53.700000,-46.060000,42.021026,-36.200000,-37.490000,31.095757
185,-41.900000,-43.430000,39.990121,-42.200000,-39.190000,31.750476
186,-48.700000,-43.780000,43.016498,-37.000000,-40.240000,34.490994
187,-42.400000,-45.600000,48.824466,-35.400000,-41.170000,34.981004
188,-51.600000,-44.050000,49.077777,-31.200000,-39.270000,30.662371
189,-44.800000,-43.100000,46.480768,-36.200000,-40.010000,33.097736
190,-45.600000,-45.110000,48.166029,-26.700000,-38.930000,29.939113
191,-45.000000,-46.000000,51.204438,-42.600000,-38.040000,30.379314
192,-31.100000,-44.580000,48.371293,-37.800000,-36.280000,25.652603
193,-68.000000,-47.280000,49.442810,-25.100000,-35.040000,22.949237
194,-20.300000,-43.940000,40.524843,-24.600000,-33.880000,20.010329
195,-34.200000,-43.170000,39.322415,-26.400000,-32.300000,18.448080
196,-44.600000,-42.760000,39.125077,-22.600000,-30.860000,17.577122
197,-76.500000,-46.170000,44.603491,-24.500000,-29.770000,15.109254
198,-43.400000,-45.350000,44.483946,-24.300000,-29.080000,14.176186
199,-89.000000,-49.770000,48.325051,-24.200000,-27.880000,11.440124
200,-33.100000,-48.520000,48.490958,-50.700000,-30.280000,16.124770
201,-31.000000,-47.120000,49.195635,-44.800000,-30.500000,19.103377
202,-22.200000,-46.230000,48.452840,-33.500000,-30.070000,16.854065
203,-88.400000,-48.270000,50.570566,-24.400000,-30.000000,16.806405
204,-43.200000,-50.560000,53.483179,-22.000000,-29.740000,17.026608
205,-67.900000,-53.930000,56.832088,-46.800000,-31.780000,21.019910
206,-28.700000,-52.340000,57.031552,-21.800000,-31.700000,21.093152
207,-20.300000,-46.720000,52.478572,-44.600000,-33.710000,24.205289
208,-40.500000,-46.430000,51.317250,-54.200000,-36.700000,30.027598
209,-17.800000,-39.310000,40.569171,-54.400000,-39.720000,34.817988
210,-68.300000,-42.830000,41.335768,-29.100000,-37.560000,32.893707
211,-51.900000,-44.920000,42.907145,-24.800000,-35.560000,32.211176
212,-56.500000,-48.350000,44.378722,-25.700000,-34.780000,29.795575
213,-52.000000,-44.710000,44.687492,-31.800000,-35.520000,32.276630
214,-22.200000,-42.610000,41.837387,-26.400000,-35.960000,32.141130
215,-30.100000,-38.830000,39.225036,-36.000000,-34.880000,30.228874
216,-99.100000,-45.870000,48.001248,-44.900000,-37.190000,33.539528
217,-41.900000,-48.030000,52.108002,-24.800000,-35.210000,30.088327
218,-52.300000,-49.210000,54.382275,-31.900000,-32.980000,22.572578
219,-65.300000,-53.960000,56.001061,-36.300000,-31.170000,19.382359
220,-83.000000,-55.430000,57.556963,-31.700000,-31.430000,21.912446
221,-30.100000,-53.250000,54.177397,-35.300000,-32.480000,23.375653
222,-41.800000,-51.780000,53.033329,-26.200000,-32.530000,23.505022
223,-39.500000,-50.530000,49.968929,-56.500000,-35.000000,25.707933
224,-51.600000,-53.470000,54.162561,-34.300000,-35.790000,26.658391
225,-32.500000,-53.710000,52.858497,-38.500000,-36.040000,26.153135
226,-75.500000,-51.350000,46.727893,-47.000000,-36.250000,25.676372
227,-27.900000,-49.950000,47.920933,-35.200000,-37.290000,26.311512
228,-32.700000,-47.990000,46.896543,-23.300000,-36.430000,25.788474
229,-41.300000,-45.590000,44.563782,-22.200000,-35.020000,24.709608
230,-70.600000,-44.350000,43.172133,-27.200000,-34.570000,24.094527
231,-55.700000,-46.910000,45.404794,-21.800000,-33.220000,23.134308
232,-59.100000,-48.640000,45.903631,-35.300000,-34.130000,24.580811
233,-50.900000,-49.780000,47.006468,-34.100000,-31.890000,22.473659
234,-41.400000,-48.760000,45.006948,-33.300000,-31.790000,22.991947
235,-17.000000,-47.210000,44.892540,-35.100000,-31.450000,23.080130
236,-18.300000,-41.490000,41.828750,-20.700000,-28.820000,17.681200
237,-41.500000,-42.850000,43.264459,-31.200000,-28.420000,15.386161
238,-17.700000,-41.350000,42.732537,-22.700000,-28.360000,15.417894
239,-60.700000,-43.290000,43.616224,-44.600000,-30.600000,18.940734
240,-31.300000,-39.360000,42.245857,-46.000000,-32.480000,25.217367
241,-29.600000,-36.750000,38.309617,-23.300000,-32.630000,25.208619
242,-17.800000,-32.620000,35.115631,-46.400000,-33.740000,25.854733
243,-41.200000,-31.650000,33.181699,-46.100000,-34.940000,26.598864
244,-40.200000,-31.530000,34.877821,-22.600000,-33.870000,23.395299
245,-18.100000,-31.640000,34.670978,-33.400000,-33.700000,23.774590
246,-40.100000,-33.820000,36.394390,-26.200000,-34.250000,23.811084
247,-39.700000,-33.640000,34.449528,-23.500000,-33.480000,22.896952
248,-61.700000,-38.040000,36.682305,-22.200000,-33.430000,22.926451
249,-39.900000,-35.960000,32.195699,-21.000000,-31.070000,21.318960
250,-78.400000,-40.670000,43.182309,-30.500000,-29.520000,17.318566
251,-52.100000,-42.920000,48.029225,-22.000000,-29.390000,17.500288
252,-37.900000,-44.930000,49.011894,-20.400000,-26.790000,13.960271
253,-70.200000,-47.830000,54.088137,-23.700000,-24.550000,9.446256
254,-71.800000,-50.990000,58.146467,-35.600000,-25.850000,11.155483
255,-28.600000,-52.040000,58.360903,-21.000000,-24.610000,8.356660
256,-61.300000,-54.160000,59.894008,-20.300000,-24.020000,7.986835
257,-58.300000,-56.020000,60.949401,-31.200000,-24.790000,10.328166
258,-61.400000,-55.990000,68.435571,-21.300000,-24.700000,10.265009
259,-15.000000,-53.500000,67.071894,-21.700000,-24.770000,10.377037
260,-27.700000,-48.430000,59.141185,-22.700000,-23.990000,9.738505
261,-37.100000,-46.930000,57.456797,-21.700000,-23.960000,9.798756
262,-39.500000,-47.090000,57.013046,-22.400000,-24.160000,9.840033
263,-37.500000,-43.820000,53.945091,-29.800000,-24.770000,12.339369
264,-47.700000,-41.410000,46.134441,-51.400000,-26.350000,17.405137
265,-47.200000,-43.270000,45.948636,-21.600000,-26.410000,17.578876
266,-70.200000,-44.160000,48.451011,-21.900000,-26.570000,17.616826
267,-41.100000,-42.440000,47.049613,-24.400000,-25.890000,14.926448
268,-25.600000,-38.860000,40.436710,-20.600000,-25.820000,14.916306
269,-48.700000,-42.230000,46.592521,-20.900000,-25.740000,14.961414
270,-68.400000,-46.300000,51.501293,-22.300000,-25.700000,14.903931
271,-48.300000,-47.420000,50.111285,-32.400000,-26.770000,17.797173
272,-37.900000,-47.260000,52.170912,-21.900000,-26.720000,17.795832
273,-36.700000,-47.180000,54.061603,-22.700000,-26.010000,15.915510
274,-26.400000,-45.050000,54.486445,-22.900000,-23.160000,7.910843
275,-15.000000,-41.830000,53.162627,-21.500000,-23.150000,7.875766
276,-16.300000,-36.440000,42.615545,-21.000000,-23.060000,7.702566
277,-27.100000,-35.040000,39.279876,-29.300000,-23.550000,9.616239
278,-49.800000,-37.460000,43.641644,-21.700000,-23.660000,9.606426
279,-27.900000,-35.380000,38.772949,-23.000000,-23.870000,9.497517
280,-69.400000,-35.480000,37.326336,-31.700000,-24.810000,12.460521
281,-35.700000,-34.220000,35.924297,-18.600000,-23.430000,9.779512
282,-56.600000,-36.090000,43.332607,-31.700000,-24.410000,10.586384
283,-37.500000,-36.170000,38.588251,-19.800000,-24.120000,10.334783
284,-67.400000,-40.270000,48.416842,-20.000000,-23.830000,10.198610
285,-24.400000,-41.210000,49.372314,-19.900000,-23.670000,9.994838
286,-59.900000,-45.570000,52.705729,-23.700000,-23.940000,10.401228
287,-58.200000,-48.680000,55.043616,-31.300000,-24.140000,12.218811
288,-24.200000,-46.120000,52.871149,-20.800000,-24.050000,12.119842
289,-25.300000,-45.860000,52.420951,-18.900000,-23.640000,12.017153
290,-98.700000,-48.790000,54.246475,-18.900000,-22.360000,8.834079
291,-47.000000,-49.920000,51.625216,-20.600000,-22.560000,9.105679
292,-59.800000,-50.240000,51.524053,-19.400000,-21.330000,6.058250
293,-35.200000,-50.010000,51.292300,-52.200000,-24.570000,15.027135
294,-70.100000,-50.280000,47.146007,-20.900000,-24.660000,15.059844
295,-16.700000,-49.510000,47.483680,-20.300000,-24.700000,15.051039
296,-37.000000,-47.220000,49.007213,-21.900000,-24.520000,15.071364
297,-26.100000,-44.010000,49.350137,-20.600000,-23.450000,12.513323
298,-26.000000,-44.190000,49.780355,-20.100000,-23.380000,12.666283
299,-58.200000,-47.480000,52.497033,-21.900000,-23.680000,13.065313
300,-78.400000,-45.450000,53.141406,-20.000000,-23.790000,13.085440
301,-68.700000,-47.620000,58.101833,-21.500000,-23.880000,13.034333
302,-37.700000,-45.410000,56.077457,-22.200000,-24.160000,13.239205
303,-14.600000,-43.350000,54.661991,-18.400000,-20.780000,3.870161
304,-23.500000,-38.690000,47.100185,-22.000000,-20.890000,3.877086
305,-67.800000,-43.800000,54.577779,-19.200000,-20.780000,3.705737
306,-54.400000,-45.540000,53.930236,-49.400000,-23.530000,11.863973
307,-58.400000,-48.770000,58.541877,-19.100000,-23.380000,11.841352
308,-60.300000,-52.200000,60.185565,-41.900000,-25.560000,17.902086
309,-65.900000,-52.970000,60.657759,-32.500000,-26.620000,20.530351
310,-59.200000,-51.050000,57.705068,-28.900000,-27.510000,23.467370
311,-45.800000,-48.760000,58.362540,-20.000000,-27.360000,23.294182
312,-25.900000,-47.580000,58.592978,-29.700000,-28.110000,24.291925
313,-56.400000,-51.760000,61.806743,-27.900000,-29.060000,26.900671
314,-79.500000,-57.360000,66.886230,-19.600000,-28.820000,26.946186
315,-24.600000,-53.040000,60.056980,-28.200000,-29.720000,29.633485
316,-46.400000,-52.240000,60.393121,-19.000000,-26.680000,21.282750
317,-15.200000,-47.920000,55.456516,-19.000000,-26.670000,21.204187
318,-25.500000,-44.440000,53.885360,-19.200000,-24.400000,15.111653
319,-68.200000,-44.670000,57.080830,-28.900000,-24.040000,14.837645
320,-48.000000,-43.550000,59.219967,-18.000000,-22.950000,13.878577
321,-57.700000,-44.740000,54.654174,-22.000000,-23.150000,14.028417
322,-46.200000,-46.770000,55.866665,-19.500000,-22.130000,11.199792
323,-68.100000,-47.940000,52.956160,-20.000000,-21.340000,8.743005
324,-46.600000,-44.650000,48.682769,-21.000000,-21.480000,8.778564
325,-45.600000,-46.750000,49.937539,-20.100000,-20.670000,5.887096
326,-45.700000,-46.680000,52.950101,-19.200000,-20.690000,5.863651
327,-78.900000,-53.050000,62.043537,-20.600000,-20.850000,5.943160
328,-24.700000,-52.970000,61.397632,-21.300000,-21.060000,6.058867
329,-44.700000,-50.620000,59.828918,-31.100000,-21.280000,6.658753
330,-100.200000,-55.840000,60.221814,-20.900000,-21.570000,6.552471
331,-47.100000,-54.780000,60.330769,-18.900000,-21.260000,6.273601
332,-69.400000,-57.100000,64.659728,-20.500000,-21.360000,6.243447
333,-25.500000,-52.840000,62.133918,-21.600000,-21.520000,6.241110
334,-38.100000,-51.990000,61.813227,-19.700000,-21.390000,6.085537
335,-47.500000,-52.180000,60.500313,-20.400000,-21.420000,6.053423
336,-69.800000,-54.590000,62.195725,-20.200000,-21.520000,6.257931
337,-25.000000,-49.200000,56.976954,-19.100000,-21.370000,6.110004
338,-67.800000,-53.510000,59.820424,-40.300000,-23.270000,9.946943
339,-25.000000,-51.540000,57.027491,-20.800000,-22.240000,8.780006
340,-35.600000,-45.080000,50.063918,-30.400000,-23.190000,11.628684
341,-102.100000,-50.580000,57.152105,-54.500000,-26.750000,18.818773
342,-36.400000,-47.280000,52.773751,-20.000000,-26.700000,18.803170
343,-34.900000,-48.220000,53.682691,-19.300000,-26.470000,18.717055
344,-46.600000,-49.070000,55.596775,-30.900000,-27.590000,19.796283
345,-69.300000,-51.250000,59.341530,-19.900000,-27.540000,19.799781
346,-78.800000,-52.150000,62.238975,-20.700000,-27.590000,19.806643
347,-47.900000,-54.440000,64.567380,-49.600000,-30.640000,25.435701
348,-110.500000,-58.710000,72.930045,-29.500000,-29.560000,23.813454
349,-15.400000,-57.750000,71.926860,-29.700000,-30.450000,24.708823
350,-67.500000,-60.940000,77.086589,-29.000000,-30.310000,27.530125
351,-58.600000,-56.590000,72.694114,-19.000000,-26.760000,20.261467
352,-37.100000,-56.660000,73.190670,-18.900000,-26.650000,20.277585
353,-58.400000,-59.010000,78.340449,-18.900000,-26.610000,20.350616
354,-98.300000,-64.180000,81.732087,-31.300000,-26.650000,23.094834
355,-79.800000,-65.230000,81.572296,-20.500000,-26.710000,23.101797
356,-66.900000,-64.040000,74.103902,-19.800000,-26.620000,23.109668
357,-34.900000,-62.740000,74.551537,-20.000000,-23.660000,13.923388
358,-68.200000,-58.510000,68.887213,-19.700000,-22.680000,11.278720
359,-37.300000,-60.700000,68.353196,-29.800000,-22.690000,11.378955
360,-25.100000,-56.460000,62.689340,-19.500000,-21.740000,8.511768
361,-48.100000,-55.410000,62.050721,-21.300000,-21.970000,8.504953
362,-47.900000,-56.490000,63.116075,-19.200000,-22.000000,8.481413
363,-56.400000,-56.290000,61.247690,-21.800000,-22.290000,8.610448
364,-25.800000,-49.040000,59.146400,-30.000000,-22.160000,6.634566
365,-89.900000,-50.050000,61.740354,-28.800000,-22.990000,9.161404
366,-89.300000,-52.290000,63.707957,-29.100000,-23.920000,11.820220
367,-36.400000,-52.440000,63.119545,-38.600000,-25.780000,15.522400
368,-14.700000,-47.090000,60.075027,-19.600000,-25.770000,15.482125
369,-57.300000,-49.090000,64.361804,-20.400000,-24.830000,14.387180
370,-56.500000,-52.230000,64.565153,-17.500000,-24.630000,14.466010
371,-14.000000,-48.820000,60.273457,-20.400000,-24.540000,14.634118
372,-80.100000,-52.040000,65.583515,-20.000000,-24.620000,14.625375
373,-102.600000,-56.660000,73.406081,-18.500000,-24.290000,14.512380
374,-65.900000,-60.670000,74.892321,-39.600000,-25.250000,15.678040
375,-36.800000,-55.360000,71.420498,-28.400000,-25.210000,17.529718
376,-36.800000,-50.110000,65.020658,-27.900000,-25.090000,19.385292
377,-67.700000,-53.240000,66.339548,-28.200000,-24.050000,16.736915
378,-99.400000,-61.710000,74.882693,-18.200000,-23.910000,16.681141
379,-56.900000,-61.670000,73.995543,-18.600000,-23.730000,16.503676
380,-15.600000,-57.580000,71.590316,-28.000000,-24.780000,17.475129
381,-47.500000,-60.930000,73.623141,-17.400000,-24.480000,17.483010
382,-46.300000,-57.550000,64.807013,-18.900000,-24.370000,17.492915
383,-78.700000,-55.160000,59.433502,-18.000000,-24.320000,17.562439
384,-26.100000,-51.180000,57.042799,-18.600000,-22.220000,11.738621
385,-68.000000,-54.300000,62.968081,-18.800000,-21.260000,8.866212
386,-36.000000,-54.220000,63.043002,-19.100000,-20.380000,7.912950
387,-34.700000,-50.920000,61.582432,-18.400000,-19.400000,5.084646
388,-25.300000,-43.510000,54.366391,-17.200000,-19.300000,5.076843
389,-27.700000,-40.590000,55.366667,-17.900000,-19.230000,5.055135
390,-45.800000,-43.610000,56.714968,-17.800000,-18.210000,2.189535
391,-24.500000,-41.310000,50.984071,-18.700000,-18.340000,2.252313
392,-57.500000,-42.430000,55.342979,-17.500000,-18.200000,2.111116
393,-34.700000,-38.030000,49.298145,-18.400000,-18.240000,2.082337
394,-47.200000,-40.140000,53.333808,-20.500000,-18.430000,2.237786
395,-55.500000,-38.890000,49.994602,-29.300000,-19.480000,5.286151
396,-39.400000,-39.230000,48.331396,-19.700000,-19.540000,5.397944
397,-36.600000,-39.420000,47.697139,-19.400000,-19.640000,5.417742
398,-46.000000,-41.490000,48.096887,-19.300000,-19.850000,5.442949
399,-25.300000,-41.250000,48.574320,-39.300000,-21.990000,9.275613
400,-23.800000,-39.050000,47.185026,-31.100000,-23.320000,12.631444
401,-38.800000,-40.480000,46.631057,-17.400000,-23.190000,12.642970
402,-66.700000,-41.400000,48.064584,-30.100000,-24.450000,15.148017
403,-25.000000,-40.430000,45.064232,-29.900000,-25.600000,17.997909
404,-59.400000,-41.650000,50.585978,-18.000000,-25.350000,18.030010
405,-46.200000,-40.720000,46.140831,-30.200000,-25.440000,19.788937
406,-50.000000,-41.780000,48.344015,-37.200000,-27.190000,22.894307
407,-67.100000,-44.830000,54.275271,-38.400000,-29.090000,24.924330
408,-24.100000,-42.640000,49.444284,-18.000000,-28.960000,24.915793
409,-24.400000,-42.550000,52.322751,-17.400000,-26.770000,21.018397
410,-47.400000,-44.910000,54.228732,-29.400000,-26.600000,21.384252
411,-67.700000,-47.800000,58.800529,-18.200000,-26.680000,21.333644
412,-15.800000,-42.710000,56.359968,-19.200000,-25.590000,18.297535
413,-39.000000,-44.110000,55.904204,-19.900000,-24.590000,18.001748
414,-24.600000,-40.630000,49.374643,-17.700000,-24.560000,18.079446
415,-46.300000,-40.640000,44.247963,-18.700000,-23.410000,16.773350
416,-45.600000,-40.200000,44.009197,-28.200000,-22.510000,12.211254
417,-45.800000,-38.070000,48.995135,-18.500000,-20.520000,8.446418
418,-79.800000,-43.640000,51.556894,-17.600000,-20.480000,8.432050
419,-35.500000,-44.750000,53.964019,-18.200000,-20.560000,8.498689
420,-76.800000,-47.690000,57.317131,-27.900000,-20.410000,8.258872
421,-47.300000,-45.650000,51.191208,-18.900000,-20.480000,8.345199
422,-35.700000,-47.640000,51.093186,-27.200000,-21.280000,10.994163
423,-57.600000,-49.500000,54.479697,-18.900000,-21.180000,10.842069
424,-37.800000,-50.820000,54.677801,-19.500000,-21.360000,10.866788
425,-25.500000,-48.740000,50.164673,-37.200000,-23.210000,14.495623
426,-47.300000,-48.910000,48.435244,-17.600000,-22.150000,11.629072
427,-45.900000,-48.920000,53.701695,-32.700000,-23.570000,15.377781
428,-56.900000,-46.630000,51.648803,-27.200000,-24.530000,17.862442
429,-46.900000,-47.770000,52.030055,-18.000000,-24.510000,17.985470
430,-25.800000,-42.670000,49.113620,-17.000000,-23.420000,15.189585
431,-24.500000,-40.390000,48.722849,-18.500000,-23.380000,14.976629
432,-35.700000,-40.390000,51.488069,-18.800000,-22.540000,13.973218
433,-13.700000,-36.000000,47.237860,-27.000000,-23.350000,16.705546
434,-46.800000,-36.900000,47.696535,-18.700000,-23.270000,16.633729
435,-111.400000,-45.490000,58.457466,-19.500000,-21.500000,11.431799
436,-57.100000,-46.470000,56.730454,-18.000000,-21.540000,11.408447
437,-67.300000,-48.610000,61.845296,-27.400000,-21.010000,8.609229
438,-36.100000,-46.530000,55.008791,-17.600000,-20.050000,7.705687
439,-46.300000,-46.470000,54.676942,-37.800000,-22.030000,13.035930
440,-36.300000,-47.520000,58.063360,-18.200000,-22.150000,13.020509
441,-25.100000,-47.580000,58.318762,-27.400000,-23.040000,15.776332
442,-48.400000,-48.850000,59.543185,-18.100000,-22.970000,15.778010
443,-26.200000,-50.100000,59.499509,-18.000000,-22.070000,12.990787
444,-25.300000,-47.950000,58.934368,-27.800000,-22.980000,14.103694
445,-35.400000,-40.350000,48.067154,-17.700000,-22.800000,13.948793
446,-77.500000,-42.390000,48.265074,-29.400000,-23.940000,15.304527
447,-66.600000,-42.320000,42.520462,-18.400000,-23.040000,14.446786
448,-78.000000,-46.510000,52.017046,-18.200000,-23.100000,14.315562
449,-46.300000,-46.510000,55.071448,-40.900000,-23.410000,16.950373
450,-86.700000,-51.550000,59.372319,-18.300000,-23.420000,16.924345
451,-58.200000,-54.860000,62.058873,-18.900000,-22.570000,14.127121
452,-25.700000,-52.590000,59.887362,-19.500000,-22.710000,14.200221
453,-47.000000,-54.670000,61.636479,-18.900000,-22.800000,14.225498
454,-46.300000,-56.770000,61.239721,-17.400000,-21.760000,11.562328
455,-27.600000,-55.990000,60.019152,-28.500000,-22.840000,14.314738
456,-45.400000,-52.780000,58.419083,-16.900000,-21.590000,11.267169
457,-35.400000,-49.660000,57.792994,-40.400000,-23.790000,15.408601
458,-109.700000,-52.830000,59.993511,-18.600000,-23.830000,15.360164
459,-79.700000,-56.170000,66.946915,-17.500000,-21.490000,10.906613
460,-25.100000,-50.010000,61.849638,-17.200000,-21.380000,10.911706
461,-39.000000,-48.090000,62.471878,-28.400000,-22.330000,12.197447
462,-14.800000,-47.000000,59.301773,-17.800000,-22.160000,12.204385
463,-57.300000,-48.030000,63.816480,-26.200000,-22.890000,15.007728
464,-47.200000,-48.120000,65.774822,-17.300000,-22.880000,14.918661
465,-48.800000,-50.240000,63.008042,-27.000000,-22.730000,16.671680
466,-27.700000,-48.470000,60.808567,-28.200000,-23.860000,17.489936
467,-35.200000,-48.450000,60.196413,-17.200000,-21.540000,13.199258
468,-58.400000,-43.320000,55.460600,-18.000000,-21.480000,13.190986
469,-67.500000,-42.100000,48.501174,-18.900000,-21.620000,13.437407
470,-35.500000,-43.140000,49.340559,-18.000000,-21.700000,13.520419
471,-70.300000,-46.270000,53.782808,-20.100000,-20.870000,10.588236
472,-57.100000,-50.500000,55.311571,-17.100000,-20.800000,10.598983
473,-57.700000,-50.540000,53.084511,-18.800000,-20.060000,7.772752
474,-35.800000,-49.400000,51.169549,-28.400000,-21.170000,11.024004
475,-58.500000,-50.370000,57.233289,-17.900000,-20.260000,8.461590
476,-67.700000,-54.370000,61.024193,-18.100000,-19.250000,5.469358
477,-67.600000,-57.610000,62.887921,-40.700000,-21.600000,11.537040
478,-58.100000,-57.580000,67.736081,-16.900000,-21.490000,11.607316
479,-47.400000,-55.570000,66.255195,-29.800000,-22.580000,14.519575
480,-56.300000,-57.650000,70.914215,-18.400000,-22.620000,14.466341
481,-35.700000,-54.190000,66.274553,-17.900000,-22.400000,14.276246
482,-91.600000,-57.640000,73.649267,-28.400000,-23.530000,17.155042
483,-35.100000,-55.380000,74.518118,-17.700000,-23.420000,17.051305
484,-25.300000,-54.330000,75.026730,-17.800000,-22.360000,13.875504
485,-27.300000,-51.210000,71.053862,-18.100000,-22.380000,13.822658
486,-26.000000,-47.040000,65.468612,-18.400000,-22.410000,13.738924
487,-92.600000,-49.540000,66.149296,-17.200000,-20.060000,7.831102
488,-48.000000,-48.530000,62.448969,-27.700000,-21.140000,10.791306
489,-25.400000,-46.330000,61.394685,-17.600000,-19.920000,7.743952
490,-67.900000,-47.490000,59.673211,-27.600000,-20.840000,10.584424
491,-66.300000,-50.550000,60.089298,-29.400000,-21.990000,13.648809
492,-68.600000,-48.250000,55.771297,-18.000000,-20.950000,10.912230
493,-35.300000,-48.270000,56.361427,-28.200000,-22.000000,13.663561
494,-35.700000,-49.310000,56.536161,-18.700000,-22.090000,13.605720
495,-58.500000,-52.430000,58.082283,-17.800000,-22.060000,13.737321
496,-66.800000,-56.510000,60.848731,-28.800000,-23.100000,14.910433
497,-56.100000,-52.860000,54.618440,-18.100000,-23.190000,14.928932
498,-56.400000,-53.700000,51.163121,-27.300000,-23.150000,14.725256
499,-45.900000,-55.750000,51.504792,-18.000000,-23.190000,14.741869
500,-77.200000,-56.680000,48.363353,-27.500000,-23.180000,14.663145
